Ep,Step,Reward,Total_reward,Action,Epsilon,Done,Termination_Code
1.0,1.0,0.0,0.0,0.0,1.0,0.0
1.0,2.0,170.0,170.0,5.0,1.0,0.0
1.0,3.0,20.0,190.0,3.0,1.0,0.0
1.0,4.0,0.0,190.0,4.0,1.0,0.0
1.0,5.0,-60.0,130.0,4.0,1.0,0.0
1.0,6.0,-40.0,90.0,1.0,1.0,0.0
1.0,7.0,0.0,90.0,4.0,1.0,0.0
1.0,8.0,20.0,110.0,3.0,1.0,0.0
1.0,9.0,0.0,110.0,4.0,1.0,0.0
1.0,10.0,20.0,130.0,3.0,1.0,0.0
1.0,11.0,0.0,130.0,4.0,1.0,0.0
1.0,12.0,500.0,630.0,5.0,1.0,0.0
1.0,13.0,20.0,650.0,0.0,1.0,0.0
1.0,14.0,20.0,670.0,0.0,1.0,0.0
1.0,15.0,0.0,670.0,4.0,1.0,0.0
1.0,16.0,0.0,670.0,4.0,1.0,0.0
1.0,17.0,500.0,1170.0,5.0,1.0,0.0
1.0,18.0,0.0,1170.0,4.0,1.0,0.0
1.0,19.0,20.0,1190.0,0.0,1.0,0.0
1.0,20.0,-20.0,1170.0,4.0,1.0,0.0
1.0,21.0,80.0,1250.0,0.0,1.0,0.0
1.0,22.0,20.0,1270.0,2.0,1.0,0.0
1.0,23.0,0.0,1270.0,4.0,1.0,0.0
1.0,24.0,480.0,1750.0,5.0,1.0,0.0
1.0,25.0,-20.0,1730.0,4.0,1.0,0.0
1.0,26.0,-20.0,1710.0,0.0,1.0,0.0
1.0,27.0,-20.0,1690.0,4.0,1.0,0.0
1.0,28.0,220.0,1910.0,0.0,1.0,0.0
1.0,29.0,480.0,2390.0,5.0,1.0,0.0
1.0,30.0,-20.0,2370.0,4.0,1.0,0.0
1.0,31.0,0.0,2370.0,0.0,1.0,0.0
1.0,32.0,-20.0,2350.0,4.0,1.0,0.0
1.0,33.0,160.0,2510.0,0.0,1.0,0.0
1.0,34.0,0.0,2510.0,4.0,1.0,0.0
1.0,35.0,20.0,2530.0,3.0,1.0,0.0
1.0,36.0,0.0,2530.0,4.0,1.0,0.0
1.0,37.0,500.0,3030.0,5.0,1.0,0.0
1.0,38.0,0.0,3030.0,4.0,1.0,0.0
1.0,39.0,20.0,3050.0,2.0,1.0,0.0
1.0,40.0,20.0,3070.0,2.0,1.0,0.0
1.0,41.0,20.0,3090.0,2.0,1.0,0.0
1.0,42.0,20.0,3110.0,2.0,1.0,0.0
1.0,43.0,0.0,3110.0,4.0,1.0,0.0
1.0,44.0,20.0,3130.0,2.0,1.0,0.0
1.0,45.0,500.0,3630.0,5.0,1.0,0.0
1.0,46.0,20.0,3650.0,2.0,1.0,0.0
1.0,47.0,0.0,3650.0,4.0,1.0,0.0
1.0,48.0,0.0,3650.0,4.0,1.0,0.0
1.0,49.0,500.0,4150.0,5.0,1.0,0.0
1.0,50.0,0.0,4150.0,4.0,1.0,0.0
1.0,51.0,20.0,4170.0,0.0,1.0,0.0
1.0,52.0,0.0,4170.0,4.0,1.0,0.0
1.0,53.0,20.0,4190.0,0.0,1.0,0.0
1.0,54.0,0.0,4190.0,4.0,1.0,0.0
1.0,55.0,500.0,4690.0,5.0,1.0,0.0
1.0,56.0,20.0,4710.0,2.0,1.0,0.0
1.0,57.0,500.0,5210.0,5.0,1.0,0.0
1.0,58.0,20.0,5230.0,0.0,1.0,0.0
1.0,59.0,0.0,5230.0,4.0,1.0,0.0
1.0,60.0,0.0,5230.0,4.0,1.0,0.0
1.0,61.0,20.0,5250.0,0.0,1.0,0.0
1.0,62.0,20.0,5270.0,0.0,1.0,0.0
1.0,63.0,480.0,5750.0,5.0,1.0,0.0
1.0,64.0,-20.0,5730.0,4.0,1.0,0.0
1.0,65.0,0.0,5730.0,0.0,1.0,0.0
1.0,66.0,-20.0,5710.0,4.0,1.0,0.0
1.0,67.0,-20.0,5690.0,4.0,1.0,0.0
1.0,68.0,20.0,5710.0,0.0,1.0,0.0
1.0,69.0,20.0,5730.0,0.0,1.0,0.0
1.0,70.0,0.0,5730.0,4.0,1.0,0.0
1.0,71.0,20.0,5750.0,0.0,1.0,0.0
1.0,72.0,20.0,5770.0,0.0,1.0,0.0
1.0,73.0,0.0,5770.0,4.0,1.0,0.0
1.0,74.0,480.0,6250.0,5.0,1.0,0.0
1.0,75.0,-20.0,6230.0,4.0,1.0,0.0
1.0,76.0,-20.0,6210.0,4.0,1.0,0.0
1.0,77.0,0.0,6210.0,3.0,1.0,0.0
1.0,78.0,-20.0,6190.0,4.0,1.0,0.0
1.0,79.0,0.0,6190.0,3.0,1.0,0.0
1.0,80.0,-20.0,6170.0,4.0,1.0,0.0
1.0,81.0,20.0,6190.0,3.0,1.0,0.0
1.0,82.0,0.0,6190.0,4.0,1.0,0.0
1.0,83.0,20.0,6210.0,3.0,1.0,0.0
1.0,84.0,0.0,6210.0,4.0,1.0,0.0
1.0,85.0,20.0,6230.0,3.0,1.0,0.0
1.0,86.0,0.0,6230.0,4.0,1.0,0.0
1.0,87.0,500.0,6730.0,5.0,1.0,0.0
1.0,88.0,0.0,6730.0,4.0,1.0,0.0
1.0,89.0,20.0,6750.0,3.0,1.0,0.0
1.0,90.0,20.0,6770.0,1.0,1.0,0.0
1.0,91.0,0.0,6770.0,4.0,1.0,0.0
1.0,92.0,20.0,6790.0,1.0,1.0,0.0
1.0,93.0,0.0,6790.0,4.0,1.0,0.0
1.0,94.0,500.0,7290.0,5.0,1.0,0.0
1.0,95.0,0.0,7290.0,4.0,1.0,0.0
1.0,96.0,16.437088302533894,7306.437088302534,1.0,1.0,0.0
1.0,97.0,8.284271247461902,7314.721359549996,1.0,1.0,0.0
1.0,98.0,20.0,7334.721359549996,3.0,1.0,0.0
1.0,99.0,0.0,7334.721359549996,4.0,1.0,0.0
1.0,100.0,500.0,7834.721359549996,5.0,1.0,1.0
2.0,1.0,62.462112512353215,62.462112512353215,0.0,1.0,0.0
2.0,2.0,0.0,62.462112512353215,4.0,1.0,0.0
2.0,3.0,20.0,82.46211251235322,2.0,1.0,0.0
2.0,4.0,-40.0,42.462112512353215,4.0,1.0,0.0
2.0,5.0,-20.0,22.462112512353215,2.0,1.0,0.0
2.0,6.0,-40.0,-17.537887487646785,4.0,1.0,0.0
2.0,7.0,20.0,2.4621125123532153,2.0,1.0,0.0
2.0,8.0,0.0,2.4621125123532153,4.0,1.0,0.0
2.0,9.0,20.0,22.462112512353215,1.0,1.0,0.0
2.0,10.0,-40.0,-17.537887487646785,4.0,1.0,0.0
2.0,11.0,100.0,82.46211251235322,0.0,1.0,0.0
2.0,12.0,20.0,102.46211251235322,2.0,1.0,0.0
2.0,13.0,0.0,102.46211251235322,4.0,1.0,0.0
2.0,14.0,500.0,602.4621125123532,5.0,1.0,0.0
2.0,15.0,20.0,622.4621125123532,1.0,1.0,0.0
2.0,16.0,0.0,622.4621125123532,4.0,1.0,0.0
2.0,17.0,20.0,642.4621125123532,1.0,1.0,0.0
2.0,18.0,0.0,642.4621125123532,4.0,1.0,0.0
2.0,19.0,0.0,642.4621125123532,4.0,1.0,0.0
2.0,20.0,160.0,802.4621125123532,1.0,1.0,0.0
2.0,21.0,20.0,822.4621125123532,2.0,1.0,0.0
2.0,22.0,0.0,822.4621125123532,4.0,1.0,0.0
2.0,23.0,0.0,822.4621125123532,4.0,1.0,0.0
2.0,24.0,440.0,1262.462112512353,5.0,1.0,0.0
2.0,25.0,-60.0,1202.462112512353,4.0,1.0,0.0
2.0,26.0,-40.0,1162.462112512353,0.0,1.0,0.0
2.0,27.0,-40.0,1122.462112512353,0.0,1.0,0.0
2.0,28.0,-60.0,1062.462112512353,4.0,1.0,0.0
2.0,29.0,20.0,1082.462112512353,0.0,1.0,0.0
2.0,30.0,20.0,1102.462112512353,0.0,1.0,0.0
2.0,31.0,0.0,1102.462112512353,4.0,1.0,0.0
2.0,32.0,0.0,1102.462112512353,4.0,1.0,0.0
2.0,33.0,20.0,1122.462112512353,0.0,1.0,0.0
2.0,34.0,500.0,1622.462112512353,5.0,1.0,0.0
2.0,35.0,20.0,1642.462112512353,0.0,1.0,0.0
2.0,36.0,20.0,1662.462112512353,0.0,1.0,0.0
2.0,37.0,0.0,1662.462112512353,4.0,1.0,0.0
2.0,38.0,440.0,2102.462112512353,5.0,1.0,0.0
2.0,39.0,-60.0,2042.462112512353,4.0,1.0,0.0
2.0,40.0,-40.0,2002.462112512353,1.0,1.0,0.0
2.0,41.0,-60.0,1942.462112512353,4.0,1.0,0.0
2.0,42.0,100.0,2042.462112512353,1.0,1.0,0.0
2.0,43.0,0.0,2042.462112512353,3.0,1.0,0.0
2.0,44.0,-20.0,2022.462112512353,4.0,1.0,0.0
2.0,45.0,40.0,2062.462112512353,3.0,1.0,0.0
2.0,46.0,20.0,2082.462112512353,0.0,1.0,0.0
2.0,47.0,0.0,2082.462112512353,4.0,1.0,0.0
2.0,48.0,20.0,2102.462112512353,0.0,1.0,0.0
2.0,49.0,20.0,2122.462112512353,0.0,1.0,0.0
2.0,50.0,0.0,2122.462112512353,4.0,1.0,0.0
2.0,51.0,500.0,2622.462112512353,5.0,1.0,0.0
2.0,52.0,0.0,2622.462112512353,4.0,1.0,0.0
2.0,53.0,20.0,2642.462112512353,3.0,1.0,0.0
2.0,54.0,20.0,2662.462112512353,3.0,1.0,0.0
2.0,55.0,20.0,2682.462112512353,3.0,1.0,0.0
2.0,56.0,20.0,2702.462112512353,3.0,1.0,0.0
2.0,57.0,500.0,3202.462112512353,5.0,1.0,0.0
2.0,58.0,0.0,3202.462112512353,4.0,1.0,0.0
2.0,59.0,0.0,3202.462112512353,4.0,1.0,0.0
2.0,60.0,0.0,3202.462112512353,4.0,1.0,0.0
2.0,61.0,20.0,3222.462112512353,1.0,1.0,0.0
2.0,62.0,20.0,3242.462112512353,1.0,1.0,0.0
2.0,63.0,0.0,3242.462112512353,4.0,1.0,0.0
2.0,64.0,20.0,3262.462112512353,1.0,1.0,0.0
2.0,65.0,480.0,3742.462112512353,5.0,1.0,0.0
2.0,66.0,-20.0,3722.462112512353,4.0,1.0,0.0
2.0,67.0,180.0,3902.462112512353,1.0,1.0,0.0
2.0,68.0,0.0,3902.462112512353,4.0,1.0,0.0
2.0,69.0,0.0,3902.462112512353,4.0,1.0,0.0
2.0,70.0,20.0,3922.462112512353,2.0,1.0,0.0
2.0,71.0,480.0,4402.462112512353,5.0,1.0,0.0
2.0,72.0,-20.0,4382.462112512353,4.0,1.0,0.0
2.0,73.0,-18.754845034029017,4363.707267478324,2.0,1.0,0.0
2.0,74.0,20.0,4383.707267478324,1.0,1.0,0.0
2.0,75.0,0.0,4383.707267478324,4.0,1.0,0.0
2.0,76.0,20.0,4403.707267478324,1.0,1.0,0.0
2.0,77.0,20.0,4423.707267478324,1.0,1.0,0.0
2.0,78.0,20.0,4443.707267478324,1.0,1.0,0.0
2.0,79.0,0.0,4443.707267478324,4.0,1.0,0.0
2.0,80.0,20.0,4463.707267478324,1.0,1.0,0.0
2.0,81.0,20.0,4483.707267478324,1.0,1.0,0.0
2.0,82.0,20.0,4503.707267478324,1.0,1.0,0.0
2.0,83.0,0.0,4503.707267478324,4.0,1.0,0.0
2.0,84.0,0.0,4503.707267478324,4.0,1.0,0.0
2.0,85.0,20.0,4523.707267478324,1.0,1.0,0.0
2.0,86.0,500.0,5023.707267478324,5.0,1.0,0.0
2.0,87.0,20.0,5043.707267478324,2.0,1.0,0.0
2.0,88.0,0.0,5043.707267478324,4.0,1.0,0.0
2.0,89.0,0.0,5043.707267478324,4.0,1.0,0.0
2.0,90.0,500.0,5543.707267478324,5.0,1.0,0.0
2.0,91.0,0.0,5543.707267478324,4.0,1.0,0.0
2.0,92.0,3.2455532033675905,5546.952820681691,1.0,1.0,0.0
2.0,93.0,20.0,5566.952820681691,3.0,1.0,0.0
2.0,94.0,20.0,5586.952820681691,3.0,1.0,0.0
2.0,95.0,0.0,5586.952820681691,4.0,1.0,0.0
2.0,96.0,0.0,5586.952820681691,4.0,1.0,0.0
2.0,97.0,20.0,5606.952820681691,3.0,1.0,0.0
2.0,98.0,500.0,6106.952820681691,5.0,1.0,0.0
2.0,99.0,20.0,6126.952820681691,1.0,1.0,0.0
2.0,100.0,20.0,6146.952820681691,1.0,1.0,1.0
3.0,1.0,60.0,60.0,1.0,1.0,0.0
3.0,2.0,20.0,80.0,2.0,1.0,0.0
3.0,3.0,480.0,560.0,5.0,1.0,0.0
3.0,4.0,-3.562911697466106,556.4370883025339,1.0,1.0,0.0
3.0,5.0,-11.715728752538098,544.7213595499958,1.0,1.0,0.0
3.0,6.0,-20.0,524.7213595499958,4.0,1.0,0.0
3.0,7.0,20.0,544.7213595499958,3.0,1.0,0.0
3.0,8.0,0.0,544.7213595499958,4.0,1.0,0.0
3.0,9.0,20.0,564.7213595499958,1.0,1.0,0.0
3.0,10.0,-20.0,544.7213595499958,4.0,1.0,0.0
3.0,11.0,0.0,544.7213595499958,1.0,1.0,0.0
3.0,12.0,-20.0,524.7213595499958,4.0,1.0,0.0
3.0,13.0,0.0,524.7213595499958,1.0,1.0,0.0
3.0,14.0,20.0,544.7213595499958,2.0,1.0,0.0
3.0,15.0,-20.0,524.7213595499958,4.0,1.0,0.0
3.0,16.0,20.0,544.7213595499958,2.0,1.0,0.0
3.0,17.0,20.0,564.7213595499958,2.0,1.0,0.0
3.0,18.0,20.0,584.7213595499958,0.0,1.0,0.0
3.0,19.0,500.0,1084.7213595499957,5.0,1.0,0.0
3.0,20.0,0.0,1084.7213595499957,4.0,1.0,0.0
3.0,21.0,8.284271247461902,1093.0056307974576,1.0,1.0,0.0
3.0,22.0,0.0,1093.0056307974576,4.0,1.0,0.0
3.0,23.0,20.0,1113.0056307974576,2.0,1.0,0.0
3.0,24.0,0.0,1113.0056307974576,4.0,1.0,0.0
3.0,25.0,0.0,1113.0056307974576,4.0,1.0,0.0
3.0,26.0,500.0,1613.0056307974576,5.0,1.0,0.0
3.0,27.0,20.0,1633.0056307974576,1.0,1.0,0.0
3.0,28.0,0.0,1633.0056307974576,4.0,1.0,0.0
3.0,29.0,480.0,2113.0056307974573,5.0,1.0,0.0
3.0,30.0,-20.0,2093.0056307974573,4.0,1.0,0.0
3.0,31.0,20.0,2113.0056307974573,1.0,1.0,0.0
3.0,32.0,-20.0,2093.0056307974573,4.0,1.0,0.0
3.0,33.0,20.0,2113.0056307974573,3.0,1.0,0.0
3.0,34.0,0.0,2113.0056307974573,4.0,1.0,0.0
3.0,35.0,0.0,2113.0056307974573,4.0,1.0,0.0
3.0,36.0,20.0,2133.0056307974573,3.0,1.0,0.0
3.0,37.0,20.0,2153.0056307974573,3.0,1.0,0.0
3.0,38.0,20.0,2173.0056307974573,3.0,1.0,0.0
3.0,39.0,0.0,2173.0056307974573,4.0,1.0,0.0
3.0,40.0,0.0,2173.0056307974573,4.0,1.0,0.0
3.0,41.0,0.0,2173.0056307974573,4.0,1.0,0.0
3.0,42.0,500.0,2673.0056307974573,5.0,1.0,0.0
3.0,43.0,20.0,2693.0056307974573,1.0,1.0,0.0
3.0,44.0,0.0,2693.0056307974573,4.0,1.0,0.0
3.0,45.0,20.0,2713.0056307974573,1.0,1.0,0.0
3.0,46.0,20.0,2733.0056307974573,1.0,1.0,0.0
3.0,47.0,0.0,2733.0056307974573,4.0,1.0,0.0
3.0,48.0,0.0,2733.0056307974573,4.0,1.0,0.0
3.0,49.0,20.0,2753.0056307974573,1.0,1.0,0.0
3.0,50.0,0.0,2753.0056307974573,4.0,1.0,0.0
3.0,51.0,0.0,2753.0056307974573,4.0,1.0,0.0
3.0,52.0,20.0,2773.0056307974573,1.0,1.0,0.0
3.0,53.0,20.0,2793.0056307974573,1.0,1.0,0.0
3.0,54.0,20.0,2813.0056307974573,1.0,1.0,0.0
3.0,55.0,20.0,2833.0056307974573,1.0,1.0,0.0
3.0,56.0,0.0,2833.0056307974573,4.0,1.0,0.0
3.0,57.0,500.0,3333.0056307974573,5.0,1.0,0.0
3.0,58.0,0.0,3333.0056307974573,4.0,1.0,0.0
3.0,59.0,20.0,3353.0056307974573,2.0,1.0,0.0
3.0,60.0,60.0,3413.0056307974573,2.0,1.0,0.0
3.0,61.0,20.0,3433.0056307974573,1.0,1.0,0.0
3.0,62.0,500.0,3933.0056307974573,5.0,1.0,0.0
3.0,63.0,20.0,3953.0056307974573,1.0,1.0,0.0
3.0,64.0,20.0,3973.0056307974573,1.0,1.0,0.0
3.0,65.0,20.0,3993.0056307974573,1.0,1.0,0.0
3.0,66.0,0.0,3993.0056307974573,4.0,1.0,0.0
3.0,67.0,0.0,3993.0056307974573,4.0,1.0,0.0
3.0,68.0,0.0,3993.0056307974573,4.0,1.0,0.0
3.0,69.0,500.0,4493.005630797457,5.0,1.0,0.0
3.0,70.0,0.0,4493.005630797457,4.0,1.0,0.0
3.0,71.0,8.865472305912192,4501.87110310337,0.0,1.0,0.0
3.0,72.0,3.2455532033675905,4505.116656306737,0.0,1.0,0.0
3.0,73.0,0.0,4505.116656306737,4.0,1.0,0.0
3.0,74.0,20.0,4525.116656306737,2.0,1.0,0.0
3.0,75.0,20.0,4545.116656306737,2.0,1.0,0.0
3.0,76.0,20.0,4565.116656306737,2.0,1.0,0.0
3.0,77.0,500.0,5065.116656306737,5.0,1.0,0.0
3.0,78.0,0.0,5065.116656306737,4.0,1.0,0.0
3.0,79.0,0.0,5065.116656306737,4.0,1.0,0.0
3.0,80.0,20.0,5085.116656306737,2.0,1.0,0.0
3.0,81.0,500.0,5585.116656306737,5.0,1.0,0.0
3.0,82.0,0.0,5585.116656306737,4.0,1.0,0.0
3.0,83.0,20.0,5605.116656306737,2.0,1.0,0.0
3.0,84.0,20.0,5625.116656306737,2.0,1.0,0.0
3.0,85.0,0.0,5625.116656306737,4.0,1.0,0.0
3.0,86.0,440.0,6065.116656306737,5.0,1.0,0.0
3.0,87.0,-40.0,6025.116656306737,0.0,1.0,0.0
3.0,88.0,320.0,6345.116656306737,0.0,1.0,0.0
3.0,89.0,20.0,6365.116656306737,3.0,1.0,0.0
3.0,90.0,500.0,6865.116656306737,5.0,1.0,0.0
3.0,91.0,20.0,6885.116656306737,3.0,1.0,0.0
3.0,92.0,0.0,6885.116656306737,4.0,1.0,0.0
3.0,93.0,0.0,6885.116656306737,4.0,1.0,0.0
3.0,94.0,0.0,6885.116656306737,4.0,1.0,0.0
3.0,95.0,20.0,6905.116656306737,3.0,1.0,0.0
3.0,96.0,500.0,7405.116656306737,5.0,1.0,0.0
3.0,97.0,0.0,7405.116656306737,4.0,1.0,0.0
3.0,98.0,20.0,7425.116656306737,0.0,1.0,0.0
3.0,99.0,20.0,7445.116656306737,0.0,1.0,0.0
3.0,100.0,0.0,7445.116656306737,4.0,1.0,1.0
4.0,1.0,0.0,0.0,0.0,1.0,0.0
4.0,2.0,-40.0,-40.0,4.0,1.0,0.0
4.0,3.0,-20.0,-60.0,3.0,1.0,0.0
4.0,4.0,-20.0,-80.0,3.0,1.0,0.0
4.0,5.0,0.0,-80.0,4.0,1.0,0.0
4.0,6.0,20.0,-60.0,3.0,1.0,0.0
4.0,7.0,0.0,-60.0,4.0,1.0,0.0
4.0,8.0,250.0,190.0,5.0,1.0,0.0
4.0,9.0,20.0,210.0,1.0,1.0,0.0
4.0,10.0,20.0,230.0,1.0,1.0,0.0
4.0,11.0,20.0,250.0,1.0,1.0,0.0
4.0,12.0,0.0,250.0,4.0,1.0,0.0
4.0,13.0,20.0,270.0,1.0,1.0,0.0
4.0,14.0,0.0,270.0,4.0,1.0,0.0
4.0,15.0,-20.0,250.0,4.0,1.0,0.0
4.0,16.0,0.0,250.0,1.0,1.0,0.0
4.0,17.0,20.0,270.0,1.0,1.0,0.0
4.0,18.0,0.0,270.0,4.0,1.0,0.0
4.0,19.0,500.0,770.0,5.0,1.0,0.0
4.0,20.0,11.84718294492801,781.847182944928,0.0,1.0,0.0
4.0,21.0,0.0,781.847182944928,4.0,1.0,0.0
4.0,22.0,4.721359549995796,786.5685424949238,0.0,1.0,0.0
4.0,23.0,0.0,786.5685424949238,4.0,1.0,0.0
4.0,24.0,20.0,806.5685424949238,2.0,1.0,0.0
4.0,25.0,20.0,826.5685424949238,2.0,1.0,0.0
4.0,26.0,0.0,826.5685424949238,4.0,1.0,0.0
4.0,27.0,440.0,1266.5685424949238,5.0,1.0,0.0
4.0,28.0,-60.0,1206.5685424949238,4.0,1.0,0.0
4.0,29.0,0.0,1206.5685424949238,3.0,1.0,0.0
4.0,30.0,-20.0,1186.5685424949238,4.0,1.0,0.0
4.0,31.0,0.0,1186.5685424949238,3.0,1.0,0.0
4.0,32.0,-20.0,1166.5685424949238,4.0,1.0,0.0
4.0,33.0,-20.0,1146.5685424949238,4.0,1.0,0.0
4.0,34.0,0.0,1146.5685424949238,3.0,1.0,0.0
4.0,35.0,20.0,1166.5685424949238,3.0,1.0,0.0
4.0,36.0,0.0,1166.5685424949238,4.0,1.0,0.0
4.0,37.0,20.0,1186.5685424949238,3.0,1.0,0.0
4.0,38.0,0.0,1186.5685424949238,4.0,1.0,0.0
4.0,39.0,480.0,1666.5685424949238,5.0,1.0,0.0
4.0,40.0,-20.0,1646.5685424949238,4.0,1.0,0.0
4.0,41.0,0.0,1646.5685424949238,1.0,1.0,0.0
4.0,42.0,20.0,1666.5685424949238,1.0,1.0,0.0
4.0,43.0,20.0,1686.5685424949238,1.0,1.0,0.0
4.0,44.0,20.0,1706.5685424949238,1.0,1.0,0.0
4.0,45.0,0.0,1706.5685424949238,4.0,1.0,0.0
4.0,46.0,0.0,1706.5685424949238,4.0,1.0,0.0
4.0,47.0,20.0,1726.5685424949238,1.0,1.0,0.0
4.0,48.0,480.0,2206.568542494924,5.0,1.0,0.0
4.0,49.0,0.0,2206.568542494924,2.0,1.0,0.0
4.0,50.0,0.0,2206.568542494924,2.0,1.0,0.0
4.0,51.0,20.0,2226.568542494924,2.0,1.0,0.0
4.0,52.0,20.0,2246.568542494924,2.0,1.0,0.0
4.0,53.0,0.0,2246.568542494924,4.0,1.0,0.0
4.0,54.0,0.0,2246.568542494924,4.0,1.0,0.0
4.0,55.0,0.0,2246.568542494924,4.0,1.0,0.0
4.0,56.0,20.0,2266.568542494924,2.0,1.0,0.0
4.0,57.0,20.0,2286.568542494924,2.0,1.0,0.0
4.0,58.0,20.0,2306.568542494924,2.0,1.0,0.0
4.0,59.0,440.0,2746.568542494924,5.0,1.0,0.0
4.0,60.0,-60.0,2686.568542494924,4.0,1.0,0.0
4.0,61.0,-60.0,2626.568542494924,4.0,1.0,0.0
4.0,62.0,-40.0,2586.568542494924,0.0,1.0,0.0
4.0,63.0,-60.0,2526.568542494924,4.0,1.0,0.0
4.0,64.0,-20.0,2506.568542494924,0.0,1.0,0.0
4.0,65.0,-20.0,2486.568542494924,0.0,1.0,0.0
4.0,66.0,-40.0,2446.568542494924,4.0,1.0,0.0
4.0,67.0,-20.0,2426.568542494924,0.0,1.0,0.0
4.0,68.0,0.0,2426.568542494924,0.0,1.0,0.0
4.0,69.0,-20.0,2406.568542494924,4.0,1.0,0.0
4.0,70.0,0.0,2406.568542494924,0.0,1.0,0.0
4.0,71.0,-20.0,2386.568542494924,4.0,1.0,0.0
4.0,72.0,20.0,2406.568542494924,0.0,1.0,0.0
4.0,73.0,0.0,2406.568542494924,4.0,1.0,0.0
4.0,74.0,20.0,2426.568542494924,0.0,1.0,0.0
4.0,75.0,0.0,2426.568542494924,4.0,1.0,0.0
4.0,76.0,20.0,2446.568542494924,0.0,1.0,0.0
4.0,77.0,0.0,2446.568542494924,4.0,1.0,0.0
4.0,78.0,20.0,2466.568542494924,0.0,1.0,0.0
4.0,79.0,20.0,2486.568542494924,0.0,1.0,0.0
4.0,80.0,60.0,2546.568542494924,3.0,1.0,0.0
4.0,81.0,0.0,2546.568542494924,4.0,1.0,0.0
4.0,82.0,20.0,2566.568542494924,0.0,1.0,0.0
4.0,83.0,20.0,2586.568542494924,0.0,1.0,0.0
4.0,84.0,0.0,2586.568542494924,4.0,1.0,0.0
4.0,85.0,500.0,3086.568542494924,5.0,1.0,0.0
4.0,86.0,20.0,3106.568542494924,3.0,1.0,0.0
4.0,87.0,500.0,3606.568542494924,5.0,1.0,0.0
4.0,88.0,0.0,3606.568542494924,4.0,1.0,0.0
4.0,89.0,0.0,3606.568542494924,4.0,1.0,0.0
4.0,90.0,80.0,3686.568542494924,0.0,1.0,0.0
4.0,91.0,0.0,3686.568542494924,4.0,1.0,0.0
4.0,92.0,20.0,3706.568542494924,3.0,1.0,0.0
4.0,93.0,20.0,3726.568542494924,3.0,1.0,0.0
4.0,94.0,20.0,3746.568542494924,3.0,1.0,0.0
4.0,95.0,0.0,3746.568542494924,4.0,1.0,0.0
4.0,96.0,500.0,4246.568542494924,5.0,1.0,0.0
4.0,97.0,20.0,4266.568542494924,0.0,1.0,0.0
4.0,98.0,0.0,4266.568542494924,4.0,1.0,0.0
4.0,99.0,480.0,4746.568542494924,5.0,1.0,0.0
4.0,100.0,-20.0,4726.568542494924,4.0,1.0,1.0
5.0,1.0,80.0,80.0,0.0,1.0,0.0
5.0,2.0,0.0,80.0,4.0,1.0,0.0
5.0,3.0,20.0,100.0,3.0,1.0,0.0
5.0,4.0,20.0,120.0,3.0,1.0,0.0
5.0,5.0,0.0,120.0,4.0,1.0,0.0
5.0,6.0,20.0,140.0,1.0,1.0,0.0
5.0,7.0,-40.0,100.0,4.0,1.0,0.0
5.0,8.0,-60.0,40.0,4.0,1.0,0.0
5.0,9.0,180.0,220.0,1.0,1.0,0.0
5.0,10.0,440.0,660.0,5.0,1.0,0.0
5.0,11.0,-60.0,600.0,4.0,1.0,0.0
5.0,12.0,60.0,660.0,1.0,1.0,0.0
5.0,13.0,-20.0,640.0,4.0,1.0,0.0
5.0,14.0,20.0,660.0,2.0,1.0,0.0
5.0,15.0,20.0,680.0,2.0,1.0,0.0
5.0,16.0,0.0,680.0,4.0,1.0,0.0
5.0,17.0,0.0,680.0,4.0,1.0,0.0
5.0,18.0,20.0,700.0,2.0,1.0,0.0
5.0,19.0,20.0,720.0,2.0,1.0,0.0
5.0,20.0,500.0,1220.0,5.0,1.0,0.0
5.0,21.0,20.0,1240.0,2.0,1.0,0.0
5.0,22.0,500.0,1740.0,5.0,1.0,0.0
5.0,23.0,20.0,1760.0,1.0,1.0,0.0
5.0,24.0,0.0,1760.0,4.0,1.0,0.0
5.0,25.0,0.0,1760.0,4.0,1.0,0.0
5.0,26.0,20.0,1780.0,1.0,1.0,0.0
5.0,27.0,20.0,1800.0,1.0,1.0,0.0
5.0,28.0,0.0,1800.0,4.0,1.0,0.0
5.0,29.0,0.0,1800.0,4.0,1.0,0.0
5.0,30.0,500.0,2300.0,5.0,1.0,0.0
5.0,31.0,20.0,2320.0,2.0,1.0,0.0
5.0,32.0,0.0,2320.0,4.0,1.0,0.0
5.0,33.0,480.0,2800.0,5.0,1.0,0.0
5.0,34.0,20.0,2820.0,0.0,1.0,0.0
5.0,35.0,0.0,2820.0,4.0,1.0,0.0
5.0,36.0,20.0,2840.0,0.0,1.0,0.0
5.0,37.0,0.0,2840.0,4.0,1.0,0.0
5.0,38.0,20.0,2860.0,0.0,1.0,0.0
5.0,39.0,20.0,2880.0,0.0,1.0,0.0
5.0,40.0,20.0,2900.0,0.0,1.0,0.0
5.0,41.0,0.0,2900.0,4.0,1.0,0.0
5.0,42.0,0.0,2900.0,4.0,1.0,0.0
5.0,43.0,20.0,2920.0,0.0,1.0,0.0
5.0,44.0,0.0,2920.0,4.0,1.0,0.0
5.0,45.0,440.0,3360.0,5.0,1.0,0.0
5.0,46.0,-60.0,3300.0,4.0,1.0,0.0
5.0,47.0,-40.0,3260.0,1.0,1.0,0.0
5.0,48.0,-40.0,3220.0,1.0,1.0,0.0
5.0,49.0,-60.0,3160.0,4.0,1.0,0.0
5.0,50.0,-60.0,3100.0,4.0,1.0,0.0
5.0,51.0,-20.0,3080.0,1.0,1.0,0.0
5.0,52.0,-40.0,3040.0,4.0,1.0,0.0
5.0,53.0,20.0,3060.0,1.0,1.0,0.0
5.0,54.0,0.0,3060.0,4.0,1.0,0.0
5.0,55.0,20.0,3080.0,1.0,1.0,0.0
5.0,56.0,0.0,3080.0,1.0,1.0,0.0
5.0,57.0,-60.0,3020.0,4.0,1.0,0.0
5.0,58.0,-40.0,2980.0,3.0,1.0,0.0
5.0,59.0,-60.0,2920.0,4.0,1.0,0.0
5.0,60.0,40.0,2960.0,3.0,1.0,0.0
5.0,61.0,0.0,2960.0,4.0,1.0,0.0
5.0,62.0,80.0,3040.0,1.0,1.0,0.0
5.0,63.0,0.0,3040.0,4.0,1.0,0.0
5.0,64.0,20.0,3060.0,3.0,1.0,0.0
5.0,65.0,500.0,3560.0,5.0,1.0,0.0
5.0,66.0,16.437088302533894,3576.437088302534,1.0,1.0,0.0
5.0,67.0,8.284271247461902,3584.721359549996,1.0,1.0,0.0
5.0,68.0,0.0,3584.721359549996,4.0,1.0,0.0
5.0,69.0,20.0,3604.721359549996,3.0,1.0,0.0
5.0,70.0,0.0,3604.721359549996,4.0,1.0,0.0
5.0,71.0,0.0,3604.721359549996,4.0,1.0,0.0
5.0,72.0,500.0,4104.721359549996,5.0,1.0,0.0
5.0,73.0,0.0,4104.721359549996,4.0,1.0,0.0
5.0,74.0,80.0,4184.721359549996,1.0,1.0,0.0
5.0,75.0,0.0,4184.721359549996,4.0,1.0,0.0
5.0,76.0,20.0,4204.721359549996,3.0,1.0,0.0
5.0,77.0,0.0,4204.721359549996,4.0,1.0,0.0
5.0,78.0,20.0,4224.721359549996,3.0,1.0,0.0
5.0,79.0,500.0,4724.721359549996,5.0,1.0,0.0
5.0,80.0,0.0,4724.721359549996,4.0,1.0,0.0
5.0,81.0,2.4621125123532117,4727.183472062349,1.0,1.0,0.0
5.0,82.0,20.0,4747.183472062349,2.0,1.0,0.0
5.0,83.0,20.0,4767.183472062349,2.0,1.0,0.0
5.0,84.0,20.0,4787.183472062349,2.0,1.0,0.0
5.0,85.0,0.0,4787.183472062349,4.0,1.0,0.0
5.0,86.0,20.0,4807.183472062349,2.0,1.0,0.0
5.0,87.0,500.0,5307.183472062349,5.0,1.0,0.0
5.0,88.0,20.0,5327.183472062349,1.0,1.0,0.0
5.0,89.0,0.0,5327.183472062349,4.0,1.0,0.0
5.0,90.0,0.0,5327.183472062349,4.0,1.0,0.0
5.0,91.0,20.0,5347.183472062349,1.0,1.0,0.0
5.0,92.0,500.0,5847.183472062349,5.0,1.0,0.0
5.0,93.0,0.0,5847.183472062349,4.0,1.0,0.0
5.0,94.0,11.84718294492801,5859.030655007277,3.0,1.0,0.0
5.0,95.0,0.0,5859.030655007277,4.0,1.0,0.0
5.0,96.0,4.721359549995796,5863.7520145572735,3.0,1.0,0.0
5.0,97.0,0.0,5863.7520145572735,4.0,1.0,0.0
5.0,98.0,20.0,5883.7520145572735,1.0,1.0,0.0
5.0,99.0,20.0,5903.7520145572735,1.0,1.0,0.0
5.0,100.0,500.0,6403.7520145572735,5.0,1.0,1.0
6.0,1.0,60.0,60.0,2.0,1.0,0.0
6.0,2.0,20.0,80.0,2.0,1.0,0.0
6.0,3.0,170.0,250.0,5.0,1.0,0.0
6.0,4.0,-40.0,210.0,4.0,1.0,0.0
6.0,5.0,-40.0,170.0,1.0,1.0,0.0
6.0,6.0,-60.0,110.0,4.0,1.0,0.0
6.0,7.0,60.0,170.0,1.0,1.0,0.0
6.0,8.0,0.0,170.0,4.0,1.0,0.0
6.0,9.0,500.0,670.0,5.0,1.0,0.0
6.0,10.0,20.0,690.0,2.0,1.0,0.0
6.0,11.0,250.0,940.0,5.0,1.0,0.0
6.0,12.0,20.0,960.0,0.0,1.0,0.0
6.0,13.0,-20.0,940.0,4.0,1.0,0.0
6.0,14.0,-20.0,920.0,4.0,1.0,0.0
6.0,15.0,20.0,940.0,0.0,1.0,0.0
6.0,16.0,20.0,960.0,0.0,1.0,0.0
6.0,17.0,0.0,960.0,4.0,1.0,0.0
6.0,18.0,0.0,960.0,4.0,1.0,0.0
6.0,19.0,480.0,1440.0,5.0,1.0,0.0
6.0,20.0,-20.0,1420.0,4.0,1.0,0.0
6.0,21.0,0.0,1420.0,0.0,1.0,0.0
6.0,22.0,0.0,1420.0,0.0,1.0,0.0
6.0,23.0,0.0,1420.0,0.0,1.0,0.0
6.0,24.0,20.0,1440.0,0.0,1.0,0.0
6.0,25.0,20.0,1460.0,0.0,1.0,0.0
6.0,26.0,0.0,1460.0,4.0,1.0,0.0
6.0,27.0,500.0,1960.0,5.0,1.0,0.0
6.0,28.0,20.0,1980.0,3.0,1.0,0.0
6.0,29.0,20.0,2000.0,3.0,1.0,0.0
6.0,30.0,0.0,2000.0,4.0,1.0,0.0
6.0,31.0,20.0,2020.0,3.0,1.0,0.0
6.0,32.0,0.0,2020.0,4.0,1.0,0.0
6.0,33.0,20.0,2040.0,3.0,1.0,0.0
6.0,34.0,0.0,2040.0,4.0,1.0,0.0
6.0,35.0,0.0,2040.0,4.0,1.0,0.0
6.0,36.0,20.0,2060.0,3.0,1.0,0.0
6.0,37.0,500.0,2560.0,5.0,1.0,0.0
6.0,38.0,20.0,2580.0,3.0,1.0,0.0
6.0,39.0,20.0,2600.0,1.0,1.0,0.0
6.0,40.0,0.0,2600.0,4.0,1.0,0.0
6.0,41.0,20.0,2620.0,1.0,1.0,0.0
6.0,42.0,460.0,3080.0,5.0,1.0,0.0
6.0,43.0,-40.0,3040.0,4.0,1.0,0.0
6.0,44.0,-20.0,3020.0,1.0,1.0,0.0
6.0,45.0,-40.0,2980.0,4.0,1.0,0.0
6.0,46.0,160.0,3140.0,1.0,1.0,0.0
6.0,47.0,20.0,3160.0,3.0,1.0,0.0
6.0,48.0,0.0,3160.0,4.0,1.0,0.0
6.0,49.0,500.0,3660.0,5.0,1.0,0.0
6.0,50.0,0.0,3660.0,4.0,1.0,0.0
6.0,51.0,20.0,3680.0,1.0,1.0,0.0
6.0,52.0,0.0,3680.0,4.0,1.0,0.0
6.0,53.0,20.0,3700.0,1.0,1.0,0.0
6.0,54.0,0.0,3700.0,4.0,1.0,0.0
6.0,55.0,20.0,3720.0,1.0,1.0,0.0
6.0,56.0,20.0,3740.0,1.0,1.0,0.0
6.0,57.0,20.0,3760.0,1.0,1.0,0.0
6.0,58.0,20.0,3780.0,1.0,1.0,0.0
6.0,59.0,0.0,3780.0,4.0,1.0,0.0
6.0,60.0,0.0,3780.0,4.0,1.0,0.0
6.0,61.0,460.0,4240.0,5.0,1.0,0.0
6.0,62.0,60.0,4300.0,2.0,1.0,0.0
6.0,63.0,20.0,4320.0,1.0,1.0,0.0
6.0,64.0,20.0,4340.0,1.0,1.0,0.0
6.0,65.0,0.0,4340.0,4.0,1.0,0.0
6.0,66.0,500.0,4840.0,5.0,1.0,0.0
6.0,67.0,20.0,4860.0,1.0,1.0,0.0
6.0,68.0,0.0,4860.0,4.0,1.0,0.0
6.0,69.0,0.0,4860.0,4.0,1.0,0.0
6.0,70.0,20.0,4880.0,1.0,1.0,0.0
6.0,71.0,0.0,4880.0,4.0,1.0,0.0
6.0,72.0,500.0,5380.0,5.0,1.0,0.0
6.0,73.0,20.0,5400.0,2.0,1.0,0.0
6.0,74.0,0.0,5400.0,4.0,1.0,0.0
6.0,75.0,20.0,5420.0,2.0,1.0,0.0
6.0,76.0,500.0,5920.0,5.0,1.0,0.0
6.0,77.0,0.0,5920.0,4.0,1.0,0.0
6.0,78.0,20.0,5940.0,1.0,1.0,0.0
6.0,79.0,20.0,5960.0,1.0,1.0,0.0
6.0,80.0,20.0,5980.0,1.0,1.0,0.0
6.0,81.0,0.0,5980.0,4.0,1.0,0.0
6.0,82.0,0.0,5980.0,4.0,1.0,0.0
6.0,83.0,500.0,6480.0,5.0,1.0,0.0
6.0,84.0,20.0,6500.0,3.0,1.0,0.0
6.0,85.0,0.0,6500.0,4.0,1.0,0.0
6.0,86.0,500.0,7000.0,5.0,1.0,0.0
6.0,87.0,20.0,7020.0,1.0,1.0,0.0
6.0,88.0,20.0,7040.0,1.0,1.0,0.0
6.0,89.0,20.0,7060.0,1.0,1.0,0.0
6.0,90.0,0.0,7060.0,4.0,1.0,0.0
6.0,91.0,0.0,7060.0,4.0,1.0,0.0
6.0,92.0,500.0,7560.0,5.0,1.0,0.0
6.0,93.0,20.0,7580.0,2.0,1.0,0.0
6.0,94.0,0.0,7580.0,4.0,1.0,0.0
6.0,95.0,20.0,7600.0,2.0,1.0,0.0
6.0,96.0,20.0,7620.0,2.0,1.0,0.0
6.0,97.0,0.0,7620.0,4.0,1.0,0.0
6.0,98.0,20.0,7640.0,2.0,1.0,0.0
6.0,99.0,0.0,7640.0,4.0,1.0,0.0
6.0,100.0,500.0,8140.0,5.0,1.0,1.0
7.0,1.0,43.24555320336759,43.24555320336759,0.0,1.0,0.0
7.0,2.0,20.0,63.24555320336759,3.0,1.0,0.0
7.0,3.0,0.0,63.24555320336759,4.0,1.0,0.0
7.0,4.0,20.0,83.24555320336759,3.0,1.0,0.0
7.0,5.0,20.0,103.24555320336759,0.0,1.0,0.0
7.0,6.0,-20.0,83.24555320336759,4.0,1.0,0.0
7.0,7.0,-60.0,23.245553203367592,4.0,1.0,0.0
7.0,8.0,40.0,63.24555320336759,1.0,1.0,0.0
7.0,9.0,20.0,83.24555320336759,3.0,1.0,0.0
7.0,10.0,500.0,583.2455532033675,5.0,1.0,0.0
7.0,11.0,20.0,603.2455532033675,0.0,1.0,0.0
7.0,12.0,20.0,623.2455532033675,0.0,1.0,0.0
7.0,13.0,0.0,623.2455532033675,4.0,1.0,0.0
7.0,14.0,0.0,623.2455532033675,4.0,1.0,0.0
7.0,15.0,0.0,623.2455532033675,4.0,1.0,0.0
7.0,16.0,20.0,643.2455532033675,0.0,1.0,0.0
7.0,17.0,0.0,643.2455532033675,4.0,1.0,0.0
7.0,18.0,500.0,1143.2455532033675,5.0,1.0,0.0
7.0,19.0,-20.0,1123.2455532033675,4.0,1.0,0.0
7.0,20.0,0.0,1123.2455532033675,2.0,1.0,0.0
7.0,21.0,-40.0,1083.2455532033675,1.0,1.0,0.0
7.0,22.0,-60.0,1023.2455532033675,4.0,1.0,0.0
7.0,23.0,-40.0,983.2455532033675,1.0,1.0,0.0
7.0,24.0,-40.0,943.2455532033675,1.0,1.0,0.0
7.0,25.0,-60.0,883.2455532033675,4.0,1.0,0.0
7.0,26.0,-60.0,823.2455532033675,4.0,1.0,0.0
7.0,27.0,20.0,843.2455532033675,1.0,1.0,0.0
7.0,28.0,20.0,863.2455532033675,1.0,1.0,0.0
7.0,29.0,0.0,863.2455532033675,4.0,1.0,0.0
7.0,30.0,0.0,863.2455532033675,4.0,1.0,0.0
7.0,31.0,480.0,1343.2455532033675,5.0,1.0,0.0
7.0,32.0,20.0,1363.2455532033675,2.0,1.0,0.0
7.0,33.0,0.0,1363.2455532033675,4.0,1.0,0.0
7.0,34.0,0.0,1363.2455532033675,4.0,1.0,0.0
7.0,35.0,0.0,1363.2455532033675,4.0,1.0,0.0
7.0,36.0,20.0,1383.2455532033675,2.0,1.0,0.0
7.0,37.0,0.0,1383.2455532033675,4.0,1.0,0.0
7.0,38.0,20.0,1403.2455532033675,2.0,1.0,0.0
7.0,39.0,0.0,1403.2455532033675,4.0,1.0,0.0
7.0,40.0,500.0,1903.2455532033675,5.0,1.0,0.0
7.0,41.0,0.0,1903.2455532033675,4.0,1.0,0.0
7.0,42.0,20.0,1923.2455532033675,1.0,1.0,0.0
7.0,43.0,20.0,1943.2455532033675,1.0,1.0,0.0
7.0,44.0,20.0,1963.2455532033675,1.0,1.0,0.0
7.0,45.0,480.0,2443.2455532033673,5.0,1.0,0.0
7.0,46.0,-20.0,2423.2455532033673,4.0,1.0,0.0
7.0,47.0,0.0,2423.2455532033673,2.0,1.0,0.0
7.0,48.0,-20.0,2403.2455532033673,4.0,1.0,0.0
7.0,49.0,0.0,2403.2455532033673,2.0,1.0,0.0
7.0,50.0,20.0,2423.2455532033673,2.0,1.0,0.0
7.0,51.0,20.0,2443.2455532033673,2.0,1.0,0.0
7.0,52.0,500.0,2943.2455532033673,5.0,1.0,0.0
7.0,53.0,0.0,2943.2455532033673,4.0,1.0,0.0
7.0,54.0,20.0,2963.2455532033673,0.0,1.0,0.0
7.0,55.0,0.0,2963.2455532033673,4.0,1.0,0.0
7.0,56.0,0.0,2963.2455532033673,4.0,1.0,0.0
7.0,57.0,0.0,2963.2455532033673,4.0,1.0,0.0
7.0,58.0,20.0,2983.2455532033673,0.0,1.0,0.0
7.0,59.0,0.0,2983.2455532033673,4.0,1.0,0.0
7.0,60.0,100.0,3083.2455532033673,0.0,1.0,0.0
7.0,61.0,0.0,3083.2455532033673,4.0,1.0,0.0
7.0,62.0,20.0,3103.2455532033673,3.0,1.0,0.0
7.0,63.0,500.0,3603.2455532033673,5.0,1.0,0.0
7.0,64.0,0.0,3603.2455532033673,4.0,1.0,0.0
7.0,65.0,20.0,3623.2455532033673,0.0,1.0,0.0
7.0,66.0,20.0,3643.2455532033673,0.0,1.0,0.0
7.0,67.0,0.0,3643.2455532033673,4.0,1.0,0.0
7.0,68.0,0.0,3643.2455532033673,4.0,1.0,0.0
7.0,69.0,20.0,3663.2455532033673,0.0,1.0,0.0
7.0,70.0,0.0,3663.2455532033673,4.0,1.0,0.0
7.0,71.0,480.0,4143.245553203367,5.0,1.0,0.0
7.0,72.0,120.0,4263.245553203367,1.0,1.0,0.0
7.0,73.0,20.0,4283.245553203367,3.0,1.0,0.0
7.0,74.0,0.0,4283.245553203367,4.0,1.0,0.0
7.0,75.0,0.0,4283.245553203367,4.0,1.0,0.0
7.0,76.0,20.0,4303.245553203367,3.0,1.0,0.0
7.0,77.0,440.0,4743.245553203367,5.0,1.0,0.0
7.0,78.0,0.0,4743.245553203367,1.0,1.0,0.0
7.0,79.0,-20.0,4723.245553203367,4.0,1.0,0.0
7.0,80.0,-20.0,4703.245553203367,4.0,1.0,0.0
7.0,81.0,0.0,4703.245553203367,1.0,1.0,0.0
7.0,82.0,0.0,4703.245553203367,1.0,1.0,0.0
7.0,83.0,0.0,4703.245553203367,1.0,1.0,0.0
7.0,84.0,-20.0,4683.245553203367,4.0,1.0,0.0
7.0,85.0,20.0,4703.245553203367,1.0,1.0,0.0
7.0,86.0,0.0,4703.245553203367,4.0,1.0,0.0
7.0,87.0,0.0,4703.245553203367,4.0,1.0,0.0
7.0,88.0,20.0,4723.245553203367,1.0,1.0,0.0
7.0,89.0,20.0,4743.245553203367,1.0,1.0,0.0
7.0,90.0,20.0,4763.245553203367,1.0,1.0,0.0
7.0,91.0,20.0,4783.245553203367,1.0,1.0,0.0
7.0,92.0,0.0,4783.245553203367,4.0,1.0,0.0
7.0,93.0,500.0,5283.245553203367,5.0,1.0,0.0
7.0,94.0,20.0,5303.245553203367,1.0,1.0,0.0
7.0,95.0,40.0,5343.245553203367,1.0,1.0,0.0
7.0,96.0,0.0,5343.245553203367,4.0,1.0,0.0
7.0,97.0,0.0,5343.245553203367,4.0,1.0,0.0
7.0,98.0,0.0,5343.245553203367,4.0,1.0,0.0
7.0,99.0,20.0,5363.245553203367,2.0,1.0,0.0
7.0,100.0,0.0,5363.245553203367,4.0,1.0,1.0
8.0,1.0,0.0,0.0,2.0,1.0,0.0
8.0,2.0,-60.0,-60.0,4.0,1.0,0.0
8.0,3.0,20.0,-40.0,2.0,1.0,0.0
8.0,4.0,0.0,-40.0,4.0,1.0,0.0
8.0,5.0,500.0,460.0,5.0,1.0,0.0
8.0,6.0,500.0,960.0,5.0,1.0,0.0
8.0,7.0,500.0,1460.0,5.0,1.0,0.0
8.0,8.0,500.0,1960.0,5.0,1.0,0.0
8.0,9.0,480.0,2440.0,5.0,1.0,0.0
8.0,10.0,-20.0,2420.0,4.0,1.0,0.0
8.0,11.0,-20.0,2400.0,4.0,1.0,0.0
8.0,12.0,0.0,2400.0,0.0,1.0,0.0
8.0,13.0,20.0,2420.0,0.0,1.0,0.0
8.0,14.0,20.0,2440.0,0.0,1.0,0.0
8.0,15.0,0.0,2440.0,4.0,1.0,0.0
8.0,16.0,0.0,2440.0,4.0,1.0,0.0
8.0,17.0,500.0,2940.0,5.0,1.0,0.0
8.0,18.0,500.0,3440.0,5.0,1.0,0.0
8.0,19.0,500.0,3940.0,5.0,1.0,0.0
8.0,20.0,0.0,3940.0,4.0,1.0,0.0
8.0,21.0,500.0,4440.0,5.0,1.0,0.0
8.0,22.0,500.0,4940.0,5.0,1.0,0.0
8.0,23.0,480.0,5420.0,5.0,1.0,0.0
8.0,24.0,-20.0,5400.0,4.0,1.0,0.0
8.0,25.0,0.0,5400.0,0.0,1.0,0.0
8.0,26.0,0.0,5400.0,0.0,1.0,0.0
8.0,27.0,60.0,5460.0,0.0,1.0,0.0
8.0,28.0,0.0,5460.0,4.0,1.0,0.0
8.0,29.0,0.0,5460.0,4.0,1.0,0.0
8.0,30.0,20.0,5480.0,2.0,1.0,0.0
8.0,31.0,20.0,5500.0,2.0,1.0,0.0
8.0,32.0,500.0,6000.0,5.0,1.0,0.0
8.0,33.0,500.0,6500.0,5.0,1.0,0.0
8.0,34.0,500.0,7000.0,5.0,1.0,0.0
8.0,35.0,0.0,7000.0,4.0,1.0,0.0
8.0,36.0,500.0,7500.0,5.0,1.0,0.0
8.0,37.0,0.0,7500.0,4.0,1.0,0.0
8.0,38.0,0.0,7500.0,4.0,1.0,0.0
8.0,39.0,500.0,8000.0,5.0,1.0,0.0
8.0,40.0,0.0,8000.0,4.0,1.0,0.0
8.0,41.0,500.0,8500.0,5.0,1.0,0.0
8.0,42.0,500.0,9000.0,5.0,1.0,0.0
8.0,43.0,0.0,9000.0,4.0,1.0,0.0
8.0,44.0,500.0,9500.0,5.0,1.0,0.0
8.0,45.0,500.0,10000.0,5.0,1.0,0.0
8.0,46.0,0.0,10000.0,4.0,1.0,0.0
8.0,47.0,20.0,10020.0,3.0,1.0,0.0
8.0,48.0,0.0,10020.0,4.0,1.0,0.0
8.0,49.0,0.0,10020.0,3.0,1.0,0.0
8.0,50.0,60.0,10080.0,0.0,1.0,0.0
8.0,51.0,0.0,10080.0,4.0,1.0,0.0
8.0,52.0,20.0,10100.0,3.0,1.0,0.0
8.0,53.0,0.0,10100.0,4.0,1.0,0.0
8.0,54.0,500.0,10600.0,5.0,1.0,0.0
8.0,55.0,500.0,11100.0,5.0,1.0,0.0
8.0,56.0,500.0,11600.0,5.0,1.0,0.0
8.0,57.0,0.0,11600.0,4.0,1.0,0.0
8.0,58.0,0.0,11600.0,4.0,1.0,0.0
8.0,59.0,500.0,12100.0,5.0,1.0,0.0
8.0,60.0,500.0,12600.0,5.0,1.0,0.0
8.0,61.0,0.0,12600.0,4.0,1.0,0.0
8.0,62.0,500.0,13100.0,5.0,1.0,0.0
8.0,63.0,0.0,13100.0,4.0,1.0,0.0
8.0,64.0,500.0,13600.0,5.0,1.0,0.0
8.0,65.0,500.0,14100.0,5.0,1.0,0.0
8.0,66.0,4.721359549995796,14104.721359549996,1.0,1.0,0.0
8.0,67.0,0.0,14104.721359549996,4.0,1.0,0.0
8.0,68.0,0.0,14104.721359549996,4.0,1.0,0.0
8.0,69.0,20.0,14124.721359549996,3.0,1.0,0.0
8.0,70.0,0.0,14124.721359549996,4.0,1.0,0.0
8.0,71.0,20.0,14144.721359549996,3.0,1.0,0.0
8.0,72.0,500.0,14644.721359549996,5.0,1.0,0.0
8.0,73.0,500.0,15144.721359549996,5.0,1.0,0.0
8.0,74.0,0.0,15144.721359549996,4.0,1.0,0.0
8.0,75.0,0.0,15144.721359549996,4.0,1.0,0.0
8.0,76.0,500.0,15644.721359549996,5.0,1.0,0.0
8.0,77.0,0.0,15644.721359549996,4.0,1.0,0.0
8.0,78.0,500.0,16144.721359549996,5.0,1.0,0.0
8.0,79.0,0.0,16144.721359549996,4.0,1.0,0.0
8.0,80.0,500.0,16644.721359549996,5.0,1.0,0.0
8.0,81.0,0.0,16644.721359549996,4.0,1.0,0.0
8.0,82.0,19.216559308985623,16663.93791885898,1.0,1.0,0.0
8.0,83.0,18.524193653371796,16682.462112512352,1.0,1.0,0.0
8.0,84.0,0.0,16682.462112512352,4.0,1.0,0.0
8.0,85.0,16.437088302533894,16698.899200814885,1.0,1.0,0.0
8.0,86.0,0.0,16698.899200814885,4.0,1.0,0.0
8.0,87.0,8.284271247461902,16707.18347206235,1.0,1.0,0.0
8.0,88.0,0.0,16707.18347206235,4.0,1.0,0.0
8.0,89.0,20.0,16727.18347206235,3.0,1.0,0.0
8.0,90.0,500.0,17227.18347206235,5.0,1.0,0.0
8.0,91.0,0.0,17227.18347206235,4.0,1.0,0.0
8.0,92.0,500.0,17727.18347206235,5.0,1.0,0.0
8.0,93.0,0.0,17727.18347206235,4.0,1.0,0.0
8.0,94.0,500.0,18227.18347206235,5.0,1.0,0.0
8.0,95.0,0.0,18227.18347206235,4.0,1.0,0.0
8.0,96.0,500.0,18727.18347206235,5.0,1.0,0.0
8.0,97.0,0.0,18727.18347206235,4.0,1.0,0.0
8.0,98.0,500.0,19227.18347206235,5.0,1.0,0.0
8.0,99.0,0.0,19227.18347206235,4.0,1.0,0.0
8.0,100.0,500.0,19727.18347206235,5.0,1.0,1.0
9.0,1.0,0.0,0.0,3.0,1.0,0.0
9.0,2.0,0.0,0.0,4.0,1.0,0.0
9.0,3.0,20.0,20.0,1.0,1.0,0.0
9.0,4.0,0.0,20.0,4.0,1.0,0.0
9.0,5.0,500.0,520.0,5.0,1.0,0.0
9.0,6.0,0.0,520.0,4.0,1.0,0.0
9.0,7.0,500.0,1020.0,5.0,1.0,0.0
9.0,8.0,0.0,1020.0,4.0,1.0,0.0
9.0,9.0,0.0,1020.0,1.0,1.0,0.0
9.0,10.0,-20.0,1000.0,4.0,1.0,0.0
9.0,11.0,0.0,1000.0,2.0,1.0,0.0
9.0,12.0,-20.0,980.0,4.0,1.0,0.0
9.0,13.0,-20.0,960.0,4.0,1.0,0.0
9.0,14.0,80.0,1040.0,2.0,1.0,0.0
9.0,15.0,0.0,1040.0,4.0,1.0,0.0
9.0,16.0,20.0,1060.0,1.0,1.0,0.0
9.0,17.0,0.0,1060.0,4.0,1.0,0.0
9.0,18.0,20.0,1080.0,1.0,1.0,0.0
9.0,19.0,0.0,1080.0,4.0,1.0,0.0
9.0,20.0,500.0,1580.0,5.0,1.0,0.0
9.0,21.0,500.0,2080.0,5.0,1.0,0.0
9.0,22.0,0.0,2080.0,4.0,1.0,0.0
9.0,23.0,500.0,2580.0,5.0,1.0,0.0
9.0,24.0,0.0,2580.0,4.0,1.0,0.0
9.0,25.0,500.0,3080.0,5.0,1.0,0.0
9.0,26.0,500.0,3580.0,5.0,1.0,0.0
9.0,27.0,480.0,4060.0,5.0,1.0,0.0
9.0,28.0,0.0,4060.0,2.0,1.0,0.0
9.0,29.0,0.0,4060.0,2.0,1.0,0.0
9.0,30.0,-20.0,4040.0,4.0,1.0,0.0
9.0,31.0,20.0,4060.0,2.0,1.0,0.0
9.0,32.0,0.0,4060.0,4.0,1.0,0.0
9.0,33.0,20.0,4080.0,2.0,1.0,0.0
9.0,34.0,0.0,4080.0,4.0,1.0,0.0
9.0,35.0,20.0,4100.0,2.0,1.0,0.0
9.0,36.0,0.0,4100.0,4.0,1.0,0.0
9.0,37.0,500.0,4600.0,5.0,1.0,0.0
9.0,38.0,500.0,5100.0,5.0,1.0,0.0
9.0,39.0,500.0,5600.0,5.0,1.0,0.0
9.0,40.0,500.0,6100.0,5.0,1.0,0.0
9.0,41.0,500.0,6600.0,5.0,1.0,0.0
9.0,42.0,0.0,6600.0,4.0,1.0,0.0
9.0,43.0,500.0,7100.0,5.0,1.0,0.0
9.0,44.0,500.0,7600.0,5.0,1.0,0.0
9.0,45.0,0.0,7600.0,4.0,1.0,0.0
9.0,46.0,0.0,7600.0,4.0,1.0,0.0
9.0,47.0,500.0,8100.0,5.0,1.0,0.0
9.0,48.0,0.0,8100.0,4.0,1.0,0.0
9.0,49.0,500.0,8600.0,5.0,1.0,0.0
9.0,50.0,500.0,9100.0,5.0,1.0,0.0
9.0,51.0,0.0,9100.0,4.0,1.0,0.0
9.0,52.0,500.0,9600.0,5.0,1.0,0.0
9.0,53.0,500.0,10100.0,5.0,1.0,0.0
9.0,54.0,0.0,10100.0,4.0,1.0,0.0
9.0,55.0,500.0,10600.0,5.0,1.0,0.0
9.0,56.0,0.0,10600.0,4.0,1.0,0.0
9.0,57.0,20.0,10620.0,0.0,1.0,0.0
9.0,58.0,0.0,10620.0,4.0,1.0,0.0
9.0,59.0,20.0,10640.0,0.0,1.0,0.0
9.0,60.0,0.0,10640.0,4.0,1.0,0.0
9.0,61.0,500.0,11140.0,5.0,1.0,0.0
9.0,62.0,0.0,11140.0,4.0,1.0,0.0
9.0,63.0,500.0,11640.0,5.0,1.0,0.0
9.0,64.0,500.0,12140.0,5.0,1.0,0.0
9.0,65.0,0.0,12140.0,4.0,1.0,0.0
9.0,66.0,500.0,12640.0,5.0,1.0,0.0
9.0,67.0,500.0,13140.0,5.0,1.0,0.0
9.0,68.0,500.0,13640.0,5.0,1.0,0.0
9.0,69.0,0.0,13640.0,4.0,1.0,0.0
9.0,70.0,500.0,14140.0,5.0,1.0,0.0
9.0,71.0,500.0,14640.0,5.0,1.0,0.0
9.0,72.0,0.0,14640.0,4.0,1.0,0.0
9.0,73.0,0.0,14640.0,4.0,1.0,0.0
9.0,74.0,20.0,14660.0,0.0,1.0,0.0
9.0,75.0,20.0,14680.0,0.0,1.0,0.0
9.0,76.0,0.0,14680.0,4.0,1.0,0.0
9.0,77.0,0.0,14680.0,0.0,1.0,0.0
9.0,78.0,20.0,14700.0,3.0,1.0,0.0
9.0,79.0,0.0,14700.0,4.0,1.0,0.0
9.0,80.0,20.0,14720.0,3.0,1.0,0.0
9.0,81.0,0.0,14720.0,4.0,1.0,0.0
9.0,82.0,20.0,14740.0,3.0,1.0,0.0
9.0,83.0,0.0,14740.0,4.0,1.0,0.0
9.0,84.0,20.0,14760.0,3.0,1.0,0.0
9.0,85.0,500.0,15260.0,5.0,1.0,0.0
9.0,86.0,500.0,15760.0,5.0,1.0,0.0
9.0,87.0,500.0,16260.0,5.0,1.0,0.0
9.0,88.0,0.0,16260.0,4.0,1.0,0.0
9.0,89.0,0.0,16260.0,4.0,1.0,0.0
9.0,90.0,500.0,16760.0,5.0,1.0,0.0
9.0,91.0,0.0,16760.0,4.0,1.0,0.0
9.0,92.0,500.0,17260.0,5.0,1.0,0.0
9.0,93.0,500.0,17760.0,5.0,1.0,0.0
9.0,94.0,500.0,18260.0,5.0,1.0,0.0
9.0,95.0,460.0,18720.0,5.0,1.0,0.0
9.0,96.0,-40.0,18680.0,4.0,1.0,0.0
9.0,97.0,-40.0,18640.0,4.0,1.0,0.0
9.0,98.0,-37.537887487646785,18602.462112512352,1.0,1.0,0.0
9.0,99.0,-40.0,18562.462112512352,4.0,1.0,0.0
9.0,100.0,-20.0,18542.462112512352,3.0,1.0,1.0
10.0,1.0,0.0,0.0,0.0,1.0,0.0
10.0,2.0,60.0,60.0,3.0,1.0,0.0
10.0,3.0,20.0,80.0,0.0,1.0,0.0
10.0,4.0,-20.0,60.0,4.0,1.0,0.0
10.0,5.0,20.0,80.0,0.0,1.0,0.0
10.0,6.0,0.0,80.0,4.0,1.0,0.0
10.0,7.0,500.0,580.0,5.0,1.0,0.0
10.0,8.0,0.0,580.0,4.0,1.0,0.0
10.0,9.0,20.0,600.0,3.0,1.0,0.0
10.0,10.0,460.0,1060.0,5.0,1.0,0.0
10.0,11.0,-40.0,1020.0,4.0,1.0,0.0
10.0,12.0,80.0,1100.0,0.0,1.0,0.0
10.0,13.0,-20.0,1080.0,4.0,1.0,0.0
10.0,14.0,20.0,1100.0,3.0,1.0,0.0
10.0,15.0,20.0,1120.0,3.0,1.0,0.0
10.0,16.0,0.0,1120.0,4.0,1.0,0.0
10.0,17.0,20.0,1140.0,3.0,1.0,0.0
10.0,18.0,500.0,1640.0,5.0,1.0,0.0
10.0,19.0,20.0,1660.0,0.0,1.0,0.0
10.0,20.0,480.0,2140.0,5.0,1.0,0.0
10.0,21.0,-20.0,2120.0,4.0,1.0,0.0
10.0,22.0,0.0,2120.0,1.0,1.0,0.0
10.0,23.0,-20.0,2100.0,4.0,1.0,0.0
10.0,24.0,0.0,2100.0,1.0,1.0,0.0
10.0,25.0,20.0,2120.0,1.0,1.0,0.0
10.0,26.0,0.0,2120.0,4.0,1.0,0.0
10.0,27.0,20.0,2140.0,1.0,1.0,0.0
10.0,28.0,500.0,2640.0,5.0,1.0,0.0
10.0,29.0,20.0,2660.0,3.0,1.0,0.0
10.0,30.0,500.0,3160.0,5.0,1.0,0.0
10.0,31.0,4.721359549995796,3164.7213595499957,0.0,1.0,0.0
10.0,32.0,0.0,3164.7213595499957,4.0,1.0,0.0
10.0,33.0,20.0,3184.7213595499957,3.0,1.0,0.0
10.0,34.0,0.0,3184.7213595499957,4.0,1.0,0.0
10.0,35.0,20.0,3204.7213595499957,3.0,1.0,0.0
10.0,36.0,0.0,3204.7213595499957,4.0,1.0,0.0
10.0,37.0,480.0,3684.7213595499957,5.0,1.0,0.0
10.0,38.0,0.0,3684.7213595499957,0.0,1.0,0.0
10.0,39.0,-20.0,3664.7213595499957,4.0,1.0,0.0
10.0,40.0,20.0,3684.7213595499957,0.0,1.0,0.0
10.0,41.0,20.0,3704.7213595499957,0.0,1.0,0.0
10.0,42.0,60.0,3764.7213595499957,0.0,1.0,0.0
10.0,43.0,0.0,3764.7213595499957,4.0,1.0,0.0
10.0,44.0,0.0,3764.7213595499957,4.0,1.0,0.0
10.0,45.0,0.0,3764.7213595499957,4.0,1.0,0.0
10.0,46.0,20.0,3784.7213595499957,2.0,1.0,0.0
10.0,47.0,440.0,4224.721359549996,5.0,1.0,0.0
10.0,48.0,-20.0,4204.721359549996,1.0,1.0,0.0
10.0,49.0,-40.0,4164.721359549996,4.0,1.0,0.0
10.0,50.0,0.0,4164.721359549996,1.0,1.0,0.0
10.0,51.0,0.0,4164.721359549996,1.0,1.0,0.0
10.0,52.0,0.0,4164.721359549996,1.0,1.0,0.0
10.0,53.0,-20.0,4144.721359549996,4.0,1.0,0.0
10.0,54.0,-20.0,4124.721359549996,4.0,1.0,0.0
10.0,55.0,0.0,4124.721359549996,1.0,1.0,0.0
10.0,56.0,20.0,4144.721359549996,1.0,1.0,0.0
10.0,57.0,0.0,4144.721359549996,4.0,1.0,0.0
10.0,58.0,0.0,4144.721359549996,4.0,1.0,0.0
10.0,59.0,20.0,4164.721359549996,1.0,1.0,0.0
10.0,60.0,-20.0,4144.721359549996,4.0,1.0,0.0
10.0,61.0,0.0,4144.721359549996,2.0,1.0,0.0
10.0,62.0,20.0,4164.721359549996,2.0,1.0,0.0
10.0,63.0,20.0,4184.721359549996,2.0,1.0,0.0
10.0,64.0,0.0,4184.721359549996,4.0,1.0,0.0
10.0,65.0,500.0,4684.721359549996,5.0,1.0,0.0
10.0,66.0,0.0,4684.721359549996,4.0,1.0,0.0
10.0,67.0,0.0,4684.721359549996,4.0,1.0,0.0
10.0,68.0,20.0,4704.721359549996,1.0,1.0,0.0
10.0,69.0,20.0,4724.721359549996,1.0,1.0,0.0
10.0,70.0,0.0,4724.721359549996,4.0,1.0,0.0
10.0,71.0,20.0,4744.721359549996,1.0,1.0,0.0
10.0,72.0,20.0,4764.721359549996,1.0,1.0,0.0
10.0,73.0,0.0,4764.721359549996,4.0,1.0,0.0
10.0,74.0,20.0,4784.721359549996,1.0,1.0,0.0
10.0,75.0,20.0,4804.721359549996,1.0,1.0,0.0
10.0,76.0,500.0,5304.721359549996,5.0,1.0,0.0
10.0,77.0,0.0,5304.721359549996,4.0,1.0,0.0
10.0,78.0,0.0,5304.721359549996,4.0,1.0,0.0
10.0,79.0,11.84718294492801,5316.568542494924,0.0,1.0,0.0
10.0,80.0,0.0,5316.568542494924,4.0,1.0,0.0
10.0,81.0,4.721359549995796,5321.28990204492,0.0,1.0,0.0
10.0,82.0,0.0,5321.28990204492,4.0,1.0,0.0
10.0,83.0,0.0,5321.28990204492,4.0,1.0,0.0
10.0,84.0,20.0,5341.28990204492,2.0,1.0,0.0
10.0,85.0,0.0,5341.28990204492,4.0,1.0,0.0
10.0,86.0,20.0,5361.28990204492,2.0,1.0,0.0
10.0,87.0,500.0,5861.28990204492,5.0,1.0,0.0
10.0,88.0,20.0,5881.28990204492,3.0,1.0,0.0
10.0,89.0,0.0,5881.28990204492,4.0,1.0,0.0
10.0,90.0,20.0,5901.28990204492,3.0,1.0,0.0
10.0,91.0,0.0,5901.28990204492,4.0,1.0,0.0
10.0,92.0,0.0,5901.28990204492,4.0,1.0,0.0
10.0,93.0,20.0,5921.28990204492,3.0,1.0,0.0
10.0,94.0,0.0,5921.28990204492,4.0,1.0,0.0
10.0,95.0,20.0,5941.28990204492,3.0,1.0,0.0
10.0,96.0,0.0,5941.28990204492,4.0,1.0,0.0
10.0,97.0,20.0,5961.28990204492,3.0,1.0,0.0
10.0,98.0,0.0,5961.28990204492,4.0,1.0,0.0
10.0,99.0,500.0,6461.28990204492,5.0,1.0,0.0
10.0,100.0,20.0,6481.28990204492,1.0,1.0,1.0
11.0,1.0,80.0,80.0,2.0,1.0,0.0
11.0,2.0,0.0,80.0,4.0,1.0,0.0
11.0,3.0,20.0,100.0,1.0,1.0,0.0
11.0,4.0,-60.0,40.0,4.0,1.0,0.0
11.0,5.0,-60.0,-20.0,1.0,1.0,0.0
11.0,6.0,100.0,80.0,4.0,1.0,0.0
11.0,7.0,20.0,100.0,1.0,1.0,0.0
11.0,8.0,0.0,100.0,4.0,1.0,0.0
11.0,9.0,500.0,600.0,5.0,1.0,0.0
11.0,10.0,-20.0,580.0,4.0,1.0,0.0
11.0,11.0,0.0,580.0,3.0,1.0,0.0
11.0,12.0,-20.0,560.0,4.0,1.0,0.0
11.0,13.0,20.0,580.0,3.0,1.0,0.0
11.0,14.0,20.0,600.0,3.0,1.0,0.0
11.0,15.0,0.0,600.0,4.0,1.0,0.0
11.0,16.0,480.0,1080.0,5.0,1.0,0.0
11.0,17.0,-20.0,1060.0,4.0,1.0,0.0
11.0,18.0,20.0,1080.0,1.0,1.0,0.0
11.0,19.0,20.0,1100.0,1.0,1.0,0.0
11.0,20.0,20.0,1120.0,1.0,1.0,0.0
11.0,21.0,0.0,1120.0,4.0,1.0,0.0
11.0,22.0,460.0,1580.0,5.0,1.0,0.0
11.0,23.0,-20.0,1560.0,2.0,1.0,0.0
11.0,24.0,-40.0,1520.0,4.0,1.0,0.0
11.0,25.0,-20.0,1500.0,2.0,1.0,0.0
11.0,26.0,20.0,1520.0,2.0,1.0,0.0
11.0,27.0,0.0,1520.0,4.0,1.0,0.0
11.0,28.0,20.0,1540.0,2.0,1.0,0.0
11.0,29.0,0.0,1540.0,4.0,1.0,0.0
11.0,30.0,440.0,1980.0,5.0,1.0,0.0
11.0,31.0,-60.0,1920.0,4.0,1.0,0.0
11.0,32.0,-60.0,1860.0,4.0,1.0,0.0
11.0,33.0,20.0,1880.0,0.0,1.0,0.0
11.0,34.0,0.0,1880.0,4.0,1.0,0.0
11.0,35.0,20.0,1900.0,0.0,1.0,0.0
11.0,36.0,20.0,1920.0,0.0,1.0,0.0
11.0,37.0,20.0,1940.0,0.0,1.0,0.0
11.0,38.0,0.0,1940.0,4.0,1.0,0.0
11.0,39.0,0.0,1940.0,4.0,1.0,0.0
11.0,40.0,0.0,1940.0,4.0,1.0,0.0
11.0,41.0,20.0,1960.0,0.0,1.0,0.0
11.0,42.0,20.0,1980.0,0.0,1.0,0.0
11.0,43.0,20.0,2000.0,0.0,1.0,0.0
11.0,44.0,0.0,2000.0,4.0,1.0,0.0
11.0,45.0,20.0,2020.0,0.0,1.0,0.0
11.0,46.0,0.0,2020.0,4.0,1.0,0.0
11.0,47.0,480.0,2500.0,5.0,1.0,0.0
11.0,48.0,20.0,2520.0,3.0,1.0,0.0
11.0,49.0,20.0,2540.0,3.0,1.0,0.0
11.0,50.0,0.0,2540.0,4.0,1.0,0.0
11.0,51.0,0.0,2540.0,4.0,1.0,0.0
11.0,52.0,60.0,2600.0,3.0,1.0,0.0
11.0,53.0,20.0,2620.0,1.0,1.0,0.0
11.0,54.0,20.0,2640.0,1.0,1.0,0.0
11.0,55.0,20.0,2660.0,1.0,1.0,0.0
11.0,56.0,0.0,2660.0,4.0,1.0,0.0
11.0,57.0,0.0,2660.0,4.0,1.0,0.0
11.0,58.0,500.0,3160.0,5.0,1.0,0.0
11.0,59.0,20.0,3180.0,3.0,1.0,0.0
11.0,60.0,0.0,3180.0,4.0,1.0,0.0
11.0,61.0,20.0,3200.0,3.0,1.0,0.0
11.0,62.0,20.0,3220.0,3.0,1.0,0.0
11.0,63.0,0.0,3220.0,4.0,1.0,0.0
11.0,64.0,0.0,3220.0,4.0,1.0,0.0
11.0,65.0,500.0,3720.0,5.0,1.0,0.0
11.0,66.0,20.0,3740.0,3.0,1.0,0.0
11.0,67.0,0.0,3740.0,4.0,1.0,0.0
11.0,68.0,20.0,3760.0,0.0,1.0,0.0
11.0,69.0,500.0,4260.0,5.0,1.0,0.0
11.0,70.0,0.0,4260.0,4.0,1.0,0.0
11.0,71.0,40.0,4300.0,1.0,1.0,0.0
11.0,72.0,20.0,4320.0,3.0,1.0,0.0
11.0,73.0,500.0,4820.0,5.0,1.0,0.0
11.0,74.0,0.0,4820.0,4.0,1.0,0.0
11.0,75.0,0.0,4820.0,4.0,1.0,0.0
11.0,76.0,20.0,4840.0,0.0,1.0,0.0
11.0,77.0,20.0,4860.0,0.0,1.0,0.0
11.0,78.0,0.0,4860.0,4.0,1.0,0.0
11.0,79.0,20.0,4880.0,0.0,1.0,0.0
11.0,80.0,440.0,5320.0,5.0,1.0,0.0
11.0,81.0,-40.0,5280.0,1.0,1.0,0.0
11.0,82.0,-40.0,5240.0,1.0,1.0,0.0
11.0,83.0,-60.0,5180.0,4.0,1.0,0.0
11.0,84.0,-40.0,5140.0,1.0,1.0,0.0
11.0,85.0,-40.0,5100.0,1.0,1.0,0.0
11.0,86.0,240.0,5340.0,1.0,1.0,0.0
11.0,87.0,0.0,5340.0,4.0,1.0,0.0
11.0,88.0,20.0,5360.0,2.0,1.0,0.0
11.0,89.0,0.0,5360.0,4.0,1.0,0.0
11.0,90.0,0.0,5360.0,4.0,1.0,0.0
11.0,91.0,480.0,5840.0,5.0,1.0,0.0
11.0,92.0,20.0,5860.0,1.0,1.0,0.0
11.0,93.0,20.0,5880.0,1.0,1.0,0.0
11.0,94.0,20.0,5900.0,1.0,1.0,0.0
11.0,95.0,20.0,5920.0,1.0,1.0,0.0
11.0,96.0,0.0,5920.0,4.0,1.0,0.0
11.0,97.0,0.0,5920.0,4.0,1.0,0.0
11.0,98.0,0.0,5920.0,4.0,1.0,0.0
11.0,99.0,20.0,5940.0,1.0,1.0,0.0
11.0,100.0,40.0,5980.0,1.0,1.0,1.0
12.0,1.0,0.0,0.0,2.0,0.9981,0.0
12.0,2.0,-60.0,-60.0,4.0,0.9981,0.0
12.0,3.0,-40.0,-100.0,2.0,0.9981,0.0
12.0,4.0,-40.0,-140.0,2.0,0.9981,0.0
12.0,5.0,0.0,-140.0,4.0,0.9981,0.0
12.0,6.0,0.0,-140.0,4.0,0.9981,0.0
12.0,7.0,20.0,-120.0,2.0,0.9981,0.0
12.0,8.0,500.0,380.0,5.0,0.9981,0.0
12.0,9.0,0.0,380.0,4.0,0.9981,0.0
12.0,10.0,500.0,880.0,5.0,0.9981,0.0
12.0,11.0,0.0,880.0,4.0,0.9981,0.0
12.0,12.0,500.0,1380.0,5.0,0.9981,0.0
12.0,13.0,500.0,1880.0,5.0,0.9981,0.0
12.0,14.0,0.0,1880.0,4.0,0.9981,0.0
12.0,15.0,500.0,2380.0,5.0,0.9981,0.0
12.0,16.0,0.0,2380.0,4.0,0.9981,0.0
12.0,17.0,500.0,2880.0,5.0,0.9981,0.0
12.0,18.0,0.0,2880.0,4.0,0.9981,0.0
12.0,19.0,500.0,3380.0,5.0,0.9981,0.0
12.0,20.0,0.0,3380.0,4.0,0.9981,0.0
12.0,21.0,500.0,3880.0,5.0,0.9981,0.0
12.0,22.0,0.0,3880.0,4.0,0.9981,0.0
12.0,23.0,500.0,4380.0,5.0,0.9981,0.0
12.0,24.0,500.0,4880.0,5.0,0.9981,0.0
12.0,25.0,0.0,4880.0,4.0,0.9981,0.0
12.0,26.0,500.0,5380.0,5.0,0.9981,0.0
12.0,27.0,500.0,5880.0,5.0,0.9981,0.0
12.0,28.0,500.0,6380.0,5.0,0.9981,0.0
12.0,29.0,20.0,6400.0,0.0,0.9981,0.0
12.0,30.0,0.0,6400.0,4.0,0.9981,0.0
12.0,31.0,0.0,6400.0,4.0,0.9981,0.0
12.0,32.0,20.0,6420.0,0.0,0.9981,0.0
12.0,33.0,0.0,6420.0,4.0,0.9981,0.0
12.0,34.0,20.0,6440.0,2.0,0.9981,0.0
12.0,35.0,500.0,6940.0,5.0,0.9981,0.0
12.0,36.0,0.0,6940.0,4.0,0.9981,0.0
12.0,37.0,500.0,7440.0,5.0,0.9981,0.0
12.0,38.0,0.0,7440.0,4.0,0.9981,0.0
12.0,39.0,500.0,7940.0,5.0,0.9981,0.0
12.0,40.0,0.0,7940.0,4.0,0.9981,0.0
12.0,41.0,500.0,8440.0,5.0,0.9981,0.0
12.0,42.0,0.0,8440.0,4.0,0.9981,0.0
12.0,43.0,500.0,8940.0,5.0,0.9981,0.0
12.0,44.0,0.0,8940.0,4.0,0.9981,0.0
12.0,45.0,500.0,9440.0,5.0,0.9981,0.0
12.0,46.0,500.0,9940.0,5.0,0.9981,0.0
12.0,47.0,500.0,10440.0,5.0,0.9981,0.0
12.0,48.0,0.0,10440.0,4.0,0.9981,0.0
12.0,49.0,500.0,10940.0,5.0,0.9981,0.0
12.0,50.0,0.0,10940.0,4.0,0.9981,0.0
12.0,51.0,500.0,11440.0,5.0,0.9981,0.0
12.0,52.0,500.0,11940.0,5.0,0.9981,0.0
12.0,53.0,0.0,11940.0,4.0,0.9981,0.0
12.0,54.0,500.0,12440.0,5.0,0.9981,0.0
12.0,55.0,0.0,12440.0,4.0,0.9981,0.0
12.0,56.0,500.0,12940.0,5.0,0.9981,0.0
12.0,57.0,20.0,12960.0,0.0,0.9981,0.0
12.0,58.0,0.0,12960.0,4.0,0.9981,0.0
12.0,59.0,20.0,12980.0,0.0,0.9981,0.0
12.0,60.0,500.0,13480.0,5.0,0.9981,0.0
12.0,61.0,0.0,13480.0,4.0,0.9981,0.0
12.0,62.0,500.0,13980.0,5.0,0.9981,0.0
12.0,63.0,0.0,13980.0,4.0,0.9981,0.0
12.0,64.0,500.0,14480.0,5.0,0.9981,0.0
12.0,65.0,500.0,14980.0,5.0,0.9981,0.0
12.0,66.0,500.0,15480.0,5.0,0.9981,0.0
12.0,67.0,0.0,15480.0,4.0,0.9981,0.0
12.0,68.0,500.0,15980.0,5.0,0.9981,0.0
12.0,69.0,500.0,16480.0,5.0,0.9981,0.0
12.0,70.0,0.0,16480.0,4.0,0.9981,0.0
12.0,71.0,0.0,16480.0,4.0,0.9981,0.0
12.0,72.0,500.0,16980.0,5.0,0.9981,0.0
12.0,73.0,20.0,17000.0,0.0,0.9981,0.0
12.0,74.0,0.0,17000.0,4.0,0.9981,0.0
12.0,75.0,0.0,17000.0,4.0,0.9981,0.0
12.0,76.0,20.0,17020.0,0.0,0.9981,0.0
12.0,77.0,0.0,17020.0,4.0,0.9981,0.0
12.0,78.0,0.0,17020.0,0.0,0.9981,0.0
12.0,79.0,0.0,17020.0,4.0,0.9981,0.0
12.0,80.0,20.0,17040.0,3.0,0.9981,0.0
12.0,81.0,20.0,17060.0,3.0,0.9981,0.0
12.0,82.0,0.0,17060.0,4.0,0.9981,0.0
12.0,83.0,20.0,17080.0,3.0,0.9981,0.0
12.0,84.0,0.0,17080.0,4.0,0.9981,0.0
12.0,85.0,20.0,17100.0,3.0,0.9981,0.0
12.0,86.0,500.0,17600.0,5.0,0.9981,0.0
12.0,87.0,500.0,18100.0,5.0,0.9981,0.0
12.0,88.0,500.0,18600.0,5.0,0.9981,0.0
12.0,89.0,500.0,19100.0,5.0,0.9981,0.0
12.0,90.0,500.0,19600.0,5.0,0.9981,0.0
12.0,91.0,500.0,20100.0,5.0,0.9981,0.0
12.0,92.0,0.0,20100.0,4.0,0.9981,0.0
12.0,93.0,500.0,20600.0,5.0,0.9981,0.0
12.0,94.0,500.0,21100.0,5.0,0.9981,0.0
12.0,95.0,2.4621125123532117,21102.462112512352,1.0,0.9981,0.0
12.0,96.0,20.0,21122.462112512352,3.0,0.9981,0.0
12.0,97.0,20.0,21142.462112512352,3.0,0.9981,0.0
12.0,98.0,0.0,21142.462112512352,4.0,0.9981,0.0
12.0,99.0,20.0,21162.462112512352,3.0,0.9981,0.0
12.0,100.0,0.0,21162.462112512352,4.0,0.9981,1.0
13.0,1.0,0.0,0.0,0.0,0.9979100000000001,0.0
13.0,2.0,20.0,20.0,0.0,0.9979100000000001,0.0
13.0,3.0,20.0,40.0,0.0,0.9979100000000001,0.0
13.0,4.0,0.0,40.0,4.0,0.9979100000000001,0.0
13.0,5.0,20.0,60.0,2.0,0.9979100000000001,0.0
13.0,6.0,230.0,290.0,5.0,0.9979100000000001,0.0
13.0,7.0,-17.53788748764679,272.4621125123532,0.0,0.9979100000000001,0.0
13.0,8.0,-40.0,232.4621125123532,4.0,0.9979100000000001,0.0
13.0,9.0,-40.0,192.4621125123532,4.0,0.9979100000000001,0.0
13.0,10.0,-20.0,172.4621125123532,3.0,0.9979100000000001,0.0
13.0,11.0,-40.0,132.4621125123532,4.0,0.9979100000000001,0.0
13.0,12.0,-20.0,112.4621125123532,3.0,0.9979100000000001,0.0
13.0,13.0,-40.0,72.4621125123532,4.0,0.9979100000000001,0.0
13.0,14.0,20.0,92.4621125123532,3.0,0.9979100000000001,0.0
13.0,15.0,20.0,112.4621125123532,3.0,0.9979100000000001,0.0
13.0,16.0,500.0,612.4621125123532,5.0,0.9979100000000001,0.0
13.0,17.0,0.0,612.4621125123532,4.0,0.9979100000000001,0.0
13.0,18.0,20.0,632.4621125123532,0.0,0.9979100000000001,0.0
13.0,19.0,480.0,1112.462112512353,5.0,0.9979100000000001,0.0
13.0,20.0,-20.0,1092.462112512353,4.0,0.9979100000000001,0.0
13.0,21.0,0.0,1092.462112512353,1.0,0.9979100000000001,0.0
13.0,22.0,-20.0,1072.462112512353,4.0,0.9979100000000001,0.0
13.0,23.0,20.0,1092.462112512353,1.0,0.9979100000000001,0.0
13.0,24.0,0.0,1092.462112512353,4.0,0.9979100000000001,0.0
13.0,25.0,20.0,1112.462112512353,1.0,0.9979100000000001,0.0
13.0,26.0,20.0,1132.462112512353,1.0,0.9979100000000001,0.0
13.0,27.0,0.0,1132.462112512353,4.0,0.9979100000000001,0.0
13.0,28.0,0.0,1132.462112512353,4.0,0.9979100000000001,0.0
13.0,29.0,500.0,1632.462112512353,5.0,0.9979100000000001,0.0
13.0,30.0,20.0,1652.462112512353,3.0,0.9979100000000001,0.0
13.0,31.0,0.0,1652.462112512353,4.0,0.9979100000000001,0.0
13.0,32.0,480.0,2132.462112512353,5.0,0.9979100000000001,0.0
13.0,33.0,-20.0,2112.462112512353,4.0,0.9979100000000001,0.0
13.0,34.0,-15.278640450004204,2097.1834720623488,0.0,0.9979100000000001,0.0
13.0,35.0,-20.0,2077.1834720623488,4.0,0.9979100000000001,0.0
13.0,36.0,20.0,2097.1834720623488,3.0,0.9979100000000001,0.0
13.0,37.0,20.0,2117.1834720623488,3.0,0.9979100000000001,0.0
13.0,38.0,0.0,2117.1834720623488,4.0,0.9979100000000001,0.0
13.0,39.0,480.0,2597.1834720623488,5.0,0.9979100000000001,0.0
13.0,40.0,-20.0,2577.1834720623488,4.0,0.9979100000000001,0.0
13.0,41.0,20.0,2597.1834720623488,0.0,0.9979100000000001,0.0
13.0,42.0,20.0,2617.1834720623488,0.0,0.9979100000000001,0.0
13.0,43.0,20.0,2637.1834720623488,0.0,0.9979100000000001,0.0
13.0,44.0,60.0,2697.1834720623488,0.0,0.9979100000000001,0.0
13.0,45.0,20.0,2717.1834720623488,2.0,0.9979100000000001,0.0
13.0,46.0,440.0,3157.1834720623488,5.0,0.9979100000000001,0.0
13.0,47.0,-20.0,3137.1834720623488,1.0,0.9979100000000001,0.0
13.0,48.0,-20.0,3117.1834720623488,1.0,0.9979100000000001,0.0
13.0,49.0,-40.0,3077.1834720623488,4.0,0.9979100000000001,0.0
13.0,50.0,-40.0,3037.1834720623488,4.0,0.9979100000000001,0.0
13.0,51.0,-40.0,2997.1834720623488,4.0,0.9979100000000001,0.0
13.0,52.0,0.0,2997.1834720623488,1.0,0.9979100000000001,0.0
13.0,53.0,0.0,2997.1834720623488,1.0,0.9979100000000001,0.0
13.0,54.0,-20.0,2977.1834720623488,4.0,0.9979100000000001,0.0
13.0,55.0,-20.0,2957.1834720623488,4.0,0.9979100000000001,0.0
13.0,56.0,20.0,2977.1834720623488,1.0,0.9979100000000001,0.0
13.0,57.0,0.0,2977.1834720623488,4.0,0.9979100000000001,0.0
13.0,58.0,20.0,2997.1834720623488,1.0,0.9979100000000001,0.0
13.0,59.0,40.0,3037.1834720623488,1.0,0.9979100000000001,0.0
13.0,60.0,0.0,3037.1834720623488,4.0,0.9979100000000001,0.0
13.0,61.0,20.0,3057.1834720623488,2.0,0.9979100000000001,0.0
13.0,62.0,20.0,3077.1834720623488,2.0,0.9979100000000001,0.0
13.0,63.0,0.0,3077.1834720623488,4.0,0.9979100000000001,0.0
13.0,64.0,0.0,3077.1834720623488,4.0,0.9979100000000001,0.0
13.0,65.0,20.0,3097.1834720623488,2.0,0.9979100000000001,0.0
13.0,66.0,500.0,3597.1834720623488,5.0,0.9979100000000001,0.0
13.0,67.0,20.0,3617.1834720623488,1.0,0.9979100000000001,0.0
13.0,68.0,0.0,3617.1834720623488,4.0,0.9979100000000001,0.0
13.0,69.0,0.0,3617.1834720623488,4.0,0.9979100000000001,0.0
13.0,70.0,20.0,3637.1834720623488,1.0,0.9979100000000001,0.0
13.0,71.0,0.0,3637.1834720623488,4.0,0.9979100000000001,0.0
13.0,72.0,20.0,3657.1834720623488,1.0,0.9979100000000001,0.0
13.0,73.0,20.0,3677.1834720623488,1.0,0.9979100000000001,0.0
13.0,74.0,0.0,3677.1834720623488,4.0,0.9979100000000001,0.0
13.0,75.0,20.0,3697.1834720623488,1.0,0.9979100000000001,0.0
13.0,76.0,0.0,3697.1834720623488,4.0,0.9979100000000001,0.0
13.0,77.0,20.0,3717.1834720623488,1.0,0.9979100000000001,0.0
13.0,78.0,0.0,3717.1834720623488,4.0,0.9979100000000001,0.0
13.0,79.0,500.0,4217.183472062348,5.0,0.9979100000000001,0.0
13.0,80.0,0.0,4217.183472062348,4.0,0.9979100000000001,0.0
13.0,81.0,11.84718294492801,4229.030655007276,0.0,0.9979100000000001,0.0
13.0,82.0,0.0,4229.030655007276,4.0,0.9979100000000001,0.0
13.0,83.0,4.721359549995796,4233.752014557273,0.0,0.9979100000000001,0.0
13.0,84.0,0.0,4233.752014557273,4.0,0.9979100000000001,0.0
13.0,85.0,20.0,4253.752014557273,2.0,0.9979100000000001,0.0
13.0,86.0,0.0,4253.752014557273,4.0,0.9979100000000001,0.0
13.0,87.0,20.0,4273.752014557273,2.0,0.9979100000000001,0.0
13.0,88.0,0.0,4273.752014557273,4.0,0.9979100000000001,0.0
13.0,89.0,500.0,4773.752014557273,5.0,0.9979100000000001,0.0
13.0,90.0,0.0,4773.752014557273,4.0,0.9979100000000001,0.0
13.0,91.0,20.0,4793.752014557273,3.0,0.9979100000000001,0.0
13.0,92.0,0.0,4793.752014557273,4.0,0.9979100000000001,0.0
13.0,93.0,20.0,4813.752014557273,3.0,0.9979100000000001,0.0
13.0,94.0,20.0,4833.752014557273,3.0,0.9979100000000001,0.0
13.0,95.0,0.0,4833.752014557273,4.0,0.9979100000000001,0.0
13.0,96.0,0.0,4833.752014557273,4.0,0.9979100000000001,0.0
13.0,97.0,20.0,4853.752014557273,3.0,0.9979100000000001,0.0
13.0,98.0,0.0,4853.752014557273,4.0,0.9979100000000001,0.0
13.0,99.0,20.0,4873.752014557273,3.0,0.9979100000000001,0.0
13.0,100.0,500.0,5373.752014557273,5.0,0.9979100000000001,1.0
14.0,1.0,80.0,80.0,1.0,0.99772,0.0
14.0,2.0,20.0,100.0,1.0,0.99772,0.0
14.0,3.0,0.0,100.0,4.0,0.99772,0.0
14.0,4.0,20.0,120.0,2.0,0.99772,0.0
14.0,5.0,0.0,120.0,4.0,0.99772,0.0
14.0,6.0,20.0,140.0,0.0,0.99772,0.0
14.0,7.0,-60.0,80.0,4.0,0.99772,0.0
14.0,8.0,-60.0,20.0,0.0,0.99772,0.0
14.0,9.0,40.0,60.0,0.0,0.99772,0.0
14.0,10.0,210.0,270.0,5.0,0.99772,0.0
14.0,11.0,-60.0,210.0,4.0,0.99772,0.0
14.0,12.0,20.0,230.0,0.0,0.99772,0.0
14.0,13.0,460.0,690.0,5.0,0.99772,0.0
14.0,14.0,4.721359549995796,694.7213595499958,0.0,0.99772,0.0
14.0,15.0,20.0,714.7213595499958,3.0,0.99772,0.0
14.0,16.0,0.0,714.7213595499958,4.0,0.99772,0.0
14.0,17.0,0.0,714.7213595499958,4.0,0.99772,0.0
14.0,18.0,20.0,734.7213595499958,3.0,0.99772,0.0
14.0,19.0,480.0,1214.7213595499957,5.0,0.99772,0.0
14.0,20.0,-20.0,1194.7213595499957,4.0,0.99772,0.0
14.0,21.0,20.0,1214.7213595499957,1.0,0.99772,0.0
14.0,22.0,0.0,1214.7213595499957,4.0,0.99772,0.0
14.0,23.0,20.0,1234.7213595499957,1.0,0.99772,0.0
14.0,24.0,40.0,1274.7213595499957,1.0,0.99772,0.0
14.0,25.0,-40.0,1234.7213595499957,4.0,0.99772,0.0
14.0,26.0,0.0,1234.7213595499957,2.0,0.99772,0.0
14.0,27.0,20.0,1254.7213595499957,2.0,0.99772,0.0
14.0,28.0,20.0,1274.7213595499957,2.0,0.99772,0.0
14.0,29.0,-20.0,1254.7213595499957,4.0,0.99772,0.0
14.0,30.0,-20.0,1234.7213595499957,4.0,0.99772,0.0
14.0,31.0,-20.0,1214.7213595499957,2.0,0.99772,0.0
14.0,32.0,40.0,1254.7213595499957,2.0,0.99772,0.0
14.0,33.0,0.0,1254.7213595499957,4.0,0.99772,0.0
14.0,34.0,460.0,1714.7213595499957,5.0,0.99772,0.0
14.0,35.0,-20.0,1694.7213595499957,0.0,0.99772,0.0
14.0,36.0,-60.0,1634.7213595499957,4.0,0.99772,0.0
14.0,37.0,0.0,1634.7213595499957,0.0,0.99772,0.0
14.0,38.0,-20.0,1614.7213595499957,4.0,0.99772,0.0
14.0,39.0,0.0,1614.7213595499957,0.0,0.99772,0.0
14.0,40.0,-20.0,1594.7213595499957,4.0,0.99772,0.0
14.0,41.0,20.0,1614.7213595499957,0.0,0.99772,0.0
14.0,42.0,-20.0,1594.7213595499957,4.0,0.99772,0.0
14.0,43.0,20.0,1614.7213595499957,2.0,0.99772,0.0
14.0,44.0,20.0,1634.7213595499957,2.0,0.99772,0.0
14.0,45.0,0.0,1634.7213595499957,4.0,0.99772,0.0
14.0,46.0,460.0,2094.7213595499957,5.0,0.99772,0.0
14.0,47.0,-40.0,2054.7213595499957,4.0,0.99772,0.0
14.0,48.0,-40.0,2014.7213595499957,4.0,0.99772,0.0
14.0,49.0,0.0,2014.7213595499957,1.0,0.99772,0.0
14.0,50.0,-20.0,1994.7213595499957,4.0,0.99772,0.0
14.0,51.0,20.0,2014.7213595499957,1.0,0.99772,0.0
14.0,52.0,20.0,2034.7213595499957,1.0,0.99772,0.0
14.0,53.0,20.0,2054.7213595499957,1.0,0.99772,0.0
14.0,54.0,0.0,2054.7213595499957,4.0,0.99772,0.0
14.0,55.0,60.0,2114.7213595499957,1.0,0.99772,0.0
14.0,56.0,-40.0,2074.7213595499957,4.0,0.99772,0.0
14.0,57.0,-40.0,2034.7213595499957,4.0,0.99772,0.0
14.0,58.0,-40.0,1994.7213595499957,4.0,0.99772,0.0
14.0,59.0,-20.0,1974.7213595499957,3.0,0.99772,0.0
14.0,60.0,-20.0,1954.7213595499957,3.0,0.99772,0.0
14.0,61.0,0.0,1954.7213595499957,3.0,0.99772,0.0
14.0,62.0,-20.0,1934.7213595499957,4.0,0.99772,0.0
14.0,63.0,-20.0,1914.7213595499957,4.0,0.99772,0.0
14.0,64.0,40.0,1954.7213595499957,3.0,0.99772,0.0
14.0,65.0,0.0,1954.7213595499957,4.0,0.99772,0.0
14.0,66.0,20.0,1974.7213595499957,1.0,0.99772,0.0
14.0,67.0,20.0,1994.7213595499957,1.0,0.99772,0.0
14.0,68.0,20.0,2014.7213595499957,1.0,0.99772,0.0
14.0,69.0,0.0,2014.7213595499957,4.0,0.99772,0.0
14.0,70.0,500.0,2514.7213595499957,5.0,0.99772,0.0
14.0,71.0,20.0,2534.7213595499957,1.0,0.99772,0.0
14.0,72.0,0.0,2534.7213595499957,4.0,0.99772,0.0
14.0,73.0,0.0,2534.7213595499957,4.0,0.99772,0.0
14.0,74.0,20.0,2554.7213595499957,1.0,0.99772,0.0
14.0,75.0,20.0,2574.7213595499957,1.0,0.99772,0.0
14.0,76.0,0.0,2574.7213595499957,4.0,0.99772,0.0
14.0,77.0,20.0,2594.7213595499957,1.0,0.99772,0.0
14.0,78.0,20.0,2614.7213595499957,1.0,0.99772,0.0
14.0,79.0,20.0,2634.7213595499957,1.0,0.99772,0.0
14.0,80.0,0.0,2634.7213595499957,4.0,0.99772,0.0
14.0,81.0,0.0,2634.7213595499957,4.0,0.99772,0.0
14.0,82.0,0.0,2634.7213595499957,4.0,0.99772,0.0
14.0,83.0,500.0,3134.7213595499957,5.0,0.99772,0.0
14.0,84.0,0.0,3134.7213595499957,4.0,0.99772,0.0
14.0,85.0,11.84718294492801,3146.568542494924,0.0,0.99772,0.0
14.0,86.0,0.0,3146.568542494924,4.0,0.99772,0.0
14.0,87.0,4.721359549995796,3151.2899020449195,0.0,0.99772,0.0
14.0,88.0,20.0,3171.2899020449195,2.0,0.99772,0.0
14.0,89.0,0.0,3171.2899020449195,4.0,0.99772,0.0
14.0,90.0,0.0,3171.2899020449195,4.0,0.99772,0.0
14.0,91.0,20.0,3191.2899020449195,2.0,0.99772,0.0
14.0,92.0,500.0,3691.2899020449195,5.0,0.99772,0.0
14.0,93.0,20.0,3711.2899020449195,3.0,0.99772,0.0
14.0,94.0,20.0,3731.2899020449195,3.0,0.99772,0.0
14.0,95.0,0.0,3731.2899020449195,4.0,0.99772,0.0
14.0,96.0,0.0,3731.2899020449195,4.0,0.99772,0.0
14.0,97.0,20.0,3751.2899020449195,3.0,0.99772,0.0
14.0,98.0,0.0,3751.2899020449195,4.0,0.99772,0.0
14.0,99.0,20.0,3771.2899020449195,3.0,0.99772,0.0
14.0,100.0,20.0,3791.2899020449195,3.0,0.99772,1.0
15.0,1.0,0.0,0.0,5.0,0.9975299999999999,0.0
15.0,2.0,500.0,500.0,5.0,0.9975299999999999,0.0
15.0,3.0,0.0,500.0,4.0,0.9975299999999999,0.0
15.0,4.0,500.0,1000.0,5.0,0.9975299999999999,0.0
15.0,5.0,0.0,1000.0,4.0,0.9975299999999999,0.0
15.0,6.0,2.4621125123532117,1002.4621125123532,1.0,0.9975299999999999,0.0
15.0,7.0,-20.0,982.4621125123532,4.0,0.9975299999999999,0.0
15.0,8.0,0.0,982.4621125123532,3.0,0.9975299999999999,0.0
15.0,9.0,0.0,982.4621125123532,3.0,0.9975299999999999,0.0
15.0,10.0,-60.0,922.4621125123532,4.0,0.9975299999999999,0.0
15.0,11.0,20.0,942.4621125123532,3.0,0.9975299999999999,0.0
15.0,12.0,20.0,962.4621125123532,1.0,0.9975299999999999,0.0
15.0,13.0,0.0,962.4621125123532,4.0,0.9975299999999999,0.0
15.0,14.0,500.0,1462.462112512353,5.0,0.9975299999999999,0.0
15.0,15.0,0.0,1462.462112512353,4.0,0.9975299999999999,0.0
15.0,16.0,0.0,1462.462112512353,4.0,0.9975299999999999,0.0
15.0,17.0,500.0,1962.462112512353,5.0,0.9975299999999999,0.0
15.0,18.0,500.0,2462.462112512353,5.0,0.9975299999999999,0.0
15.0,19.0,0.0,2462.462112512353,1.0,0.9975299999999999,0.0
15.0,20.0,20.0,2482.462112512353,2.0,0.9975299999999999,0.0
15.0,21.0,0.0,2482.462112512353,4.0,0.9975299999999999,0.0
15.0,22.0,0.0,2482.462112512353,4.0,0.9975299999999999,0.0
15.0,23.0,80.0,2562.462112512353,2.0,0.9975299999999999,0.0
15.0,24.0,0.0,2562.462112512353,4.0,0.9975299999999999,0.0
15.0,25.0,20.0,2582.462112512353,1.0,0.9975299999999999,0.0
15.0,26.0,0.0,2582.462112512353,4.0,0.9975299999999999,0.0
15.0,27.0,20.0,2602.462112512353,1.0,0.9975299999999999,0.0
15.0,28.0,0.0,2602.462112512353,4.0,0.9975299999999999,0.0
15.0,29.0,500.0,3102.462112512353,5.0,0.9975299999999999,0.0
15.0,30.0,0.0,3102.462112512353,4.0,0.9975299999999999,0.0
15.0,31.0,500.0,3602.462112512353,5.0,0.9975299999999999,0.0
15.0,32.0,500.0,4102.462112512353,5.0,0.9975299999999999,0.0
15.0,33.0,500.0,4602.462112512353,5.0,0.9975299999999999,0.0
15.0,34.0,0.0,4602.462112512353,4.0,0.9975299999999999,0.0
15.0,35.0,500.0,5102.462112512353,5.0,0.9975299999999999,0.0
15.0,36.0,500.0,5602.462112512353,5.0,0.9975299999999999,0.0
15.0,37.0,0.0,5602.462112512353,4.0,0.9975299999999999,0.0
15.0,38.0,0.0,5602.462112512353,4.0,0.9975299999999999,0.0
15.0,39.0,20.0,5622.462112512353,2.0,0.9975299999999999,0.0
15.0,40.0,0.0,5622.462112512353,4.0,0.9975299999999999,0.0
15.0,41.0,20.0,5642.462112512353,2.0,0.9975299999999999,0.0
15.0,42.0,20.0,5662.462112512353,2.0,0.9975299999999999,0.0
15.0,43.0,20.0,5682.462112512353,2.0,0.9975299999999999,0.0
15.0,44.0,20.0,5702.462112512353,2.0,0.9975299999999999,0.0
15.0,45.0,500.0,6202.462112512353,5.0,0.9975299999999999,0.0
15.0,46.0,0.0,6202.462112512353,4.0,0.9975299999999999,0.0
15.0,47.0,500.0,6702.462112512353,5.0,0.9975299999999999,0.0
15.0,48.0,500.0,7202.462112512353,5.0,0.9975299999999999,0.0
15.0,49.0,0.0,7202.462112512353,4.0,0.9975299999999999,0.0
15.0,50.0,0.0,7202.462112512353,4.0,0.9975299999999999,0.0
15.0,51.0,500.0,7702.462112512353,5.0,0.9975299999999999,0.0
15.0,52.0,0.0,7702.462112512353,4.0,0.9975299999999999,0.0
15.0,53.0,500.0,8202.462112512352,5.0,0.9975299999999999,0.0
15.0,54.0,500.0,8702.462112512352,5.0,0.9975299999999999,0.0
15.0,55.0,500.0,9202.462112512352,5.0,0.9975299999999999,0.0
15.0,56.0,0.0,9202.462112512352,4.0,0.9975299999999999,0.0
15.0,57.0,0.0,9202.462112512352,4.0,0.9975299999999999,0.0
15.0,58.0,500.0,9702.462112512352,5.0,0.9975299999999999,0.0
15.0,59.0,0.0,9702.462112512352,4.0,0.9975299999999999,0.0
15.0,60.0,500.0,10202.462112512352,5.0,0.9975299999999999,0.0
15.0,61.0,500.0,10702.462112512352,5.0,0.9975299999999999,0.0
15.0,62.0,500.0,11202.462112512352,5.0,0.9975299999999999,0.0
15.0,63.0,500.0,11702.462112512352,5.0,0.9975299999999999,0.0
15.0,64.0,0.0,11702.462112512352,4.0,0.9975299999999999,0.0
15.0,65.0,500.0,12202.462112512352,5.0,0.9975299999999999,0.0
15.0,66.0,20.0,12222.462112512352,0.0,0.9975299999999999,0.0
15.0,67.0,20.0,12242.462112512352,0.0,0.9975299999999999,0.0
15.0,68.0,500.0,12742.462112512352,5.0,0.9975299999999999,0.0
15.0,69.0,500.0,13242.462112512352,5.0,0.9975299999999999,0.0
15.0,70.0,0.0,13242.462112512352,4.0,0.9975299999999999,0.0
15.0,71.0,0.0,13242.462112512352,4.0,0.9975299999999999,0.0
15.0,72.0,0.0,13242.462112512352,4.0,0.9975299999999999,0.0
15.0,73.0,500.0,13742.462112512352,5.0,0.9975299999999999,0.0
15.0,74.0,0.0,13742.462112512352,4.0,0.9975299999999999,0.0
15.0,75.0,500.0,14242.462112512352,5.0,0.9975299999999999,0.0
15.0,76.0,500.0,14742.462112512352,5.0,0.9975299999999999,0.0
15.0,77.0,0.0,14742.462112512352,4.0,0.9975299999999999,0.0
15.0,78.0,500.0,15242.462112512352,5.0,0.9975299999999999,0.0
15.0,79.0,0.0,15242.462112512352,4.0,0.9975299999999999,0.0
15.0,80.0,500.0,15742.462112512352,5.0,0.9975299999999999,0.0
15.0,81.0,500.0,16242.462112512352,5.0,0.9975299999999999,0.0
15.0,82.0,0.0,16242.462112512352,4.0,0.9975299999999999,0.0
15.0,83.0,20.0,16262.462112512352,0.0,0.9975299999999999,0.0
15.0,84.0,20.0,16282.462112512352,0.0,0.9975299999999999,0.0
15.0,85.0,20.0,16302.462112512352,0.0,0.9975299999999999,0.0
15.0,86.0,20.0,16322.462112512352,0.0,0.9975299999999999,0.0
15.0,87.0,20.0,16342.462112512352,0.0,0.9975299999999999,0.0
15.0,88.0,20.0,16362.462112512352,0.0,0.9975299999999999,0.0
15.0,89.0,500.0,16862.462112512352,5.0,0.9975299999999999,0.0
15.0,90.0,0.0,16862.462112512352,4.0,0.9975299999999999,0.0
15.0,91.0,0.0,16862.462112512352,4.0,0.9975299999999999,0.0
15.0,92.0,500.0,17362.462112512352,5.0,0.9975299999999999,0.0
15.0,93.0,0.0,17362.462112512352,4.0,0.9975299999999999,0.0
15.0,94.0,500.0,17862.462112512352,5.0,0.9975299999999999,0.0
15.0,95.0,0.0,17862.462112512352,4.0,0.9975299999999999,0.0
15.0,96.0,20.0,17882.462112512352,0.0,0.9975299999999999,0.0
15.0,97.0,20.0,17902.462112512352,0.0,0.9975299999999999,0.0
15.0,98.0,20.0,17922.462112512352,0.0,0.9975299999999999,0.0
15.0,99.0,0.0,17922.462112512352,4.0,0.9975299999999999,0.0
15.0,100.0,0.0,17922.462112512352,4.0,0.9975299999999999,1.0
16.0,1.0,-20.0,-20.0,5.0,0.99734,0.0
16.0,2.0,-40.0,-60.0,4.0,0.99734,0.0
16.0,3.0,120.0,60.0,0.0,0.99734,0.0
16.0,4.0,20.0,80.0,2.0,0.99734,0.0
16.0,5.0,0.0,80.0,4.0,0.99734,0.0
16.0,6.0,20.0,100.0,2.0,0.99734,0.0
16.0,7.0,0.0,100.0,4.0,0.99734,0.0
16.0,8.0,20.0,120.0,1.0,0.99734,0.0
16.0,9.0,60.0,180.0,1.0,0.99734,0.0
16.0,10.0,-40.0,140.0,4.0,0.99734,0.0
16.0,11.0,-40.0,100.0,4.0,0.99734,0.0
16.0,12.0,20.0,120.0,2.0,0.99734,0.0
16.0,13.0,0.0,120.0,4.0,0.99734,0.0
16.0,14.0,20.0,140.0,2.0,0.99734,0.0
16.0,15.0,0.0,140.0,4.0,0.99734,0.0
16.0,16.0,500.0,640.0,5.0,0.99734,0.0
16.0,17.0,20.0,660.0,1.0,0.99734,0.0
16.0,18.0,0.0,660.0,4.0,0.99734,0.0
16.0,19.0,20.0,680.0,1.0,0.99734,0.0
16.0,20.0,440.0,1120.0,5.0,0.99734,0.0
16.0,21.0,40.0,1160.0,0.0,0.99734,0.0
16.0,22.0,-40.0,1120.0,4.0,0.99734,0.0
16.0,23.0,-40.0,1080.0,3.0,0.99734,0.0
16.0,24.0,-60.0,1020.0,4.0,0.99734,0.0
16.0,25.0,0.0,1020.0,0.0,0.99734,0.0
16.0,26.0,20.0,1040.0,0.0,0.99734,0.0
16.0,27.0,0.0,1040.0,4.0,0.99734,0.0
16.0,28.0,20.0,1060.0,0.0,0.99734,0.0
16.0,29.0,20.0,1080.0,0.0,0.99734,0.0
16.0,30.0,20.0,1100.0,0.0,0.99734,0.0
16.0,31.0,500.0,1600.0,5.0,0.99734,0.0
16.0,32.0,0.0,1600.0,4.0,0.99734,0.0
16.0,33.0,0.0,1600.0,4.0,0.99734,0.0
16.0,34.0,0.0,1600.0,4.0,0.99734,0.0
16.0,35.0,4.721359549995796,1604.721359549996,0.0,0.99734,0.0
16.0,36.0,0.0,1604.721359549996,4.0,0.99734,0.0
16.0,37.0,20.0,1624.721359549996,2.0,0.99734,0.0
16.0,38.0,0.0,1624.721359549996,4.0,0.99734,0.0
16.0,39.0,20.0,1644.721359549996,2.0,0.99734,0.0
16.0,40.0,500.0,2144.721359549996,5.0,0.99734,0.0
16.0,41.0,0.0,2144.721359549996,4.0,0.99734,0.0
16.0,42.0,20.0,2164.721359549996,2.0,0.99734,0.0
16.0,43.0,500.0,2664.721359549996,5.0,0.99734,0.0
16.0,44.0,20.0,2684.721359549996,0.0,0.99734,0.0
16.0,45.0,0.0,2684.721359549996,4.0,0.99734,0.0
16.0,46.0,20.0,2704.721359549996,0.0,0.99734,0.0
16.0,47.0,0.0,2704.721359549996,4.0,0.99734,0.0
16.0,48.0,60.0,2764.721359549996,0.0,0.99734,0.0
16.0,49.0,0.0,2764.721359549996,4.0,0.99734,0.0
16.0,50.0,20.0,2784.721359549996,3.0,0.99734,0.0
16.0,51.0,0.0,2784.721359549996,4.0,0.99734,0.0
16.0,52.0,500.0,3284.721359549996,5.0,0.99734,0.0
16.0,53.0,20.0,3304.721359549996,3.0,0.99734,0.0
16.0,54.0,0.0,3304.721359549996,4.0,0.99734,0.0
16.0,55.0,500.0,3804.721359549996,5.0,0.99734,0.0
16.0,56.0,8.865472305912192,3813.5868318559083,3.0,0.99734,0.0
16.0,57.0,0.0,3813.5868318559083,4.0,0.99734,0.0
16.0,58.0,3.2455532033675905,3816.832385059276,0.0,0.99734,0.0
16.0,59.0,0.0,3816.832385059276,4.0,0.99734,0.0
16.0,60.0,20.0,3836.832385059276,3.0,0.99734,0.0
16.0,61.0,0.0,3836.832385059276,4.0,0.99734,0.0
16.0,62.0,20.0,3856.832385059276,0.0,0.99734,0.0
16.0,63.0,0.0,3856.832385059276,4.0,0.99734,0.0
16.0,64.0,20.0,3876.832385059276,0.0,0.99734,0.0
16.0,65.0,500.0,4376.832385059276,5.0,0.99734,0.0
16.0,66.0,20.0,4396.832385059276,3.0,0.99734,0.0
16.0,67.0,0.0,4396.832385059276,4.0,0.99734,0.0
16.0,68.0,20.0,4416.832385059276,3.0,0.99734,0.0
16.0,69.0,500.0,4916.832385059276,5.0,0.99734,0.0
16.0,70.0,20.0,4936.832385059276,1.0,0.99734,0.0
16.0,71.0,0.0,4936.832385059276,4.0,0.99734,0.0
16.0,72.0,20.0,4956.832385059276,1.0,0.99734,0.0
16.0,73.0,0.0,4956.832385059276,4.0,0.99734,0.0
16.0,74.0,500.0,5456.832385059276,5.0,0.99734,0.0
16.0,75.0,17.331693590711808,5474.1640786499875,1.0,0.99734,0.0
16.0,76.0,0.0,5474.1640786499875,4.0,0.99734,0.0
16.0,77.0,15.542483014355977,5489.706561664343,1.0,0.99734,0.0
16.0,78.0,11.84718294492801,5501.553744609271,1.0,0.99734,0.0
16.0,79.0,4.721359549995796,5506.275104159267,1.0,0.99734,0.0
16.0,80.0,0.0,5506.275104159267,4.0,0.99734,0.0
16.0,81.0,20.0,5526.275104159267,3.0,0.99734,0.0
16.0,82.0,20.0,5546.275104159267,3.0,0.99734,0.0
16.0,83.0,460.0,6006.275104159267,5.0,0.99734,0.0
16.0,84.0,-40.0,5966.275104159267,4.0,0.99734,0.0
16.0,85.0,20.0,5986.275104159267,1.0,0.99734,0.0
16.0,86.0,20.0,6006.275104159267,1.0,0.99734,0.0
16.0,87.0,20.0,6026.275104159267,1.0,0.99734,0.0
16.0,88.0,20.0,6046.275104159267,1.0,0.99734,0.0
16.0,89.0,20.0,6066.275104159267,1.0,0.99734,0.0
16.0,90.0,0.0,6066.275104159267,4.0,0.99734,0.0
16.0,91.0,20.0,6086.275104159267,1.0,0.99734,0.0
16.0,92.0,500.0,6586.275104159267,5.0,0.99734,0.0
16.0,93.0,20.0,6606.275104159267,1.0,0.99734,0.0
16.0,94.0,0.0,6606.275104159267,4.0,0.99734,0.0
16.0,95.0,80.0,6686.275104159267,1.0,0.99734,0.0
16.0,96.0,0.0,6686.275104159267,4.0,0.99734,0.0
16.0,97.0,20.0,6706.275104159267,2.0,0.99734,0.0
16.0,98.0,0.0,6706.275104159267,4.0,0.99734,0.0
16.0,99.0,0.0,6706.275104159267,4.0,0.99734,0.0
16.0,100.0,500.0,7206.275104159267,5.0,0.99734,1.0
17.0,1.0,63.24555320336759,63.24555320336759,0.0,0.99715,0.0
17.0,2.0,0.0,63.24555320336759,4.0,0.99715,0.0
17.0,3.0,500.0,563.2455532033675,5.0,0.99715,0.0
17.0,4.0,0.0,563.2455532033675,4.0,0.99715,0.0
17.0,5.0,340.0,903.2455532033675,5.0,0.99715,0.0
17.0,6.0,20.0,923.2455532033675,2.0,0.99715,0.0
17.0,7.0,0.0,923.2455532033675,4.0,0.99715,0.0
17.0,8.0,500.0,1423.2455532033675,5.0,0.99715,0.0
17.0,9.0,0.0,1423.2455532033675,4.0,0.99715,0.0
17.0,10.0,500.0,1923.2455532033675,5.0,0.99715,0.0
17.0,11.0,0.0,1923.2455532033675,4.0,0.99715,0.0
17.0,12.0,500.0,2423.2455532033673,5.0,0.99715,0.0
17.0,13.0,-60.0,2363.2455532033673,4.0,0.99715,0.0
17.0,14.0,-20.0,2343.2455532033673,3.0,0.99715,0.0
17.0,15.0,-40.0,2303.2455532033673,4.0,0.99715,0.0
17.0,16.0,60.0,2363.2455532033673,3.0,0.99715,0.0
17.0,17.0,20.0,2383.2455532033673,1.0,0.99715,0.0
17.0,18.0,0.0,2383.2455532033673,4.0,0.99715,0.0
17.0,19.0,20.0,2403.2455532033673,1.0,0.99715,0.0
17.0,20.0,500.0,2903.2455532033673,5.0,0.99715,0.0
17.0,21.0,500.0,3403.2455532033673,5.0,0.99715,0.0
17.0,22.0,0.0,3403.2455532033673,4.0,0.99715,0.0
17.0,23.0,0.0,3403.2455532033673,4.0,0.99715,0.0
17.0,24.0,500.0,3903.2455532033673,5.0,0.99715,0.0
17.0,25.0,500.0,4403.245553203367,5.0,0.99715,0.0
17.0,26.0,0.0,4403.245553203367,4.0,0.99715,0.0
17.0,27.0,500.0,4903.245553203367,5.0,0.99715,0.0
17.0,28.0,0.0,4903.245553203367,4.0,0.99715,0.0
17.0,29.0,500.0,5403.245553203367,5.0,0.99715,0.0
17.0,30.0,500.0,5903.245553203367,5.0,0.99715,0.0
17.0,31.0,0.0,5903.245553203367,4.0,0.99715,0.0
17.0,32.0,500.0,6403.245553203367,5.0,0.99715,0.0
17.0,33.0,0.0,6403.245553203367,4.0,0.99715,0.0
17.0,34.0,480.0,6883.245553203367,5.0,0.99715,0.0
17.0,35.0,4.835855800770794,6888.081409004139,1.0,0.99715,0.0
17.0,36.0,1.6552506059643868,6889.736659610103,1.0,0.99715,0.0
17.0,37.0,20.0,6909.736659610103,3.0,0.99715,0.0
17.0,38.0,0.0,6909.736659610103,4.0,0.99715,0.0
17.0,39.0,20.0,6929.736659610103,3.0,0.99715,0.0
17.0,40.0,0.0,6929.736659610103,4.0,0.99715,0.0
17.0,41.0,60.0,6989.736659610103,3.0,0.99715,0.0
17.0,42.0,0.0,6989.736659610103,4.0,0.99715,0.0
17.0,43.0,20.0,7009.736659610103,1.0,0.99715,0.0
17.0,44.0,0.0,7009.736659610103,4.0,0.99715,0.0
